Organization Name,Partner Type,County,City,Industry Sector,Entrepreneur Demographic Group,Business Stage,Reporting Month,Businesses Supported,New Businesses Started,Jobs Created,Jobs Retained,Capital Raised,Grants Awarded,Loans Facilitated,Referrals Made,Programs Delivered,Entrepreneurs Served,Mentor Hours,Data Completeness Score,Data Source,Last Updated Date
Regional Catalyst Network,Economic Development Organization,Jackson,Kansas City,Healthcare,Youth (Under 30),Startup,2024-06,67,11,43,57,468248,76366,101579,46,3,85,176,85,Excel Workbook,2026-05-22
Metro University Innovation Center,University / Education,Jackson,Kansas City,Retail,Other,Scaling,2024-06,51,7,32,37,427135,92652,159943,27,1,72,209,98,Internal Database,2026-05-22
KC Startup Foundation,Nonprofit Support Organization,Jackson,Kansas City,Construction,Minority-Owned,Startup,2024-06,12,1,7,10,119689,24634,47010,9,1,23,56,74,Google Form,2026-05-22
Regional Growth Partners,Economic Development Organization,Johnson,Overland Park,Technology,Rural,Idea,2024-06,33,5,12,13,305355,61106,59441,23,3,55,202,66,Airtable Base,2026-05-22
LaunchKC Network,Incubator / Accelerator,Jackson,Kansas City,Manufacturing,Other,Early Growth,2024-06,53,7,17,26,553619,67748,133281,51,5,90,269,64,Excel Workbook,2026-05-22
Heartland Capital Access,Funding Partner,Johnson,Overland Park,Food & Beverage,Minority-Owned,Startup,2024-06,38,6,11,15,1612498,246730,593573,36,1,68,182,76,Smartsheet,2026-05-22
Metro Business Builders,Nonprofit Support Organization,Clay,Liberty,Construction,Other,Scaling,2024-06,30,4,14,15,180488,18808,52067,23,2,42,89,80,Google Form,2026-05-22
KC Workforce Alliance,Workforce Partner,Wyandotte,Kansas City,Retail,Women-Owned,Idea,2024-06,18,1,13,17,85683,16668,29659,8,1,24,92,67,Survey Monkey Export,2026-05-22
Entrepreneur Support Collaborative,Nonprofit Support Organization,Jackson,Independence,Construction,Women-Owned,Idea,2024-06,16,3,8,10,312142,38035,61772,12,1,25,83,76,Survey Monkey Export,2026-05-22
Main Street Business Center,Chamber / Business Association,Cass,Belton,Creative / Media,Veteran-Owned,Established,2024-06,17,1,11,16,41180,4886,13934,7,2,23,65,68,Internal Database,2026-05-22
Midwest Innovation Hub,Incubator / Accelerator,Johnson,Olathe,Retail,Women-Owned,Established,2024-06,7,0,4,4,0,0,0,5,4,10,22,86,Survey Monkey Export,2026-05-22
Urban Core Ventures,Funding Partner,Jackson,Kansas City,Logistics,Women-Owned,Early Growth,2024-06,31,3,13,10,427683,86206,155178,19,3,43,121,79,Google Form,2026-05-22
Northland Business Alliance,Chamber / Business Association,Platte,Riverside,Manufacturing,Youth (Under 30),Startup,2024-06,5,0,8,6,0,0,0,3,2,8,18,91,Google Form,2026-05-22
Regional Manufacturing Extension,Workforce Partner,Wyandotte,Kansas City,Food & Beverage,Veteran-Owned,Early Growth,2024-06,6,0,5,6,0,0,0,2,2,8,22,85,Airtable Base,2026-05-22
Women Founders Network,Nonprofit Support Organization,Johnson,Lenexa,Retail,Minority-Owned,Startup,2024-06,14,3,17,20,144860,39927,31306,11,2,23,88,72,Salesforce CRM,2026-05-22
Clay County Enterprise Center,Economic Development Organization,Clay,Gladstone,Manufacturing,Other,Startup,2024-06,22,2,15,15,94767,17504,20770,13,3,31,112,85,Grant Mgmt System,2026-05-22
Cass Regional SBDC,University / Education,Cass,Harrisonville,Technology,Minority-Owned,Startup,2024-06,15,2,8,6,167294,44653,49456,6,3,21,78,84,Survey Monkey Export,2026-05-22
Platte Catalyst Fund,Funding Partner,Platte,Platte City,Healthcare,Veteran-Owned,Idea,2024-06,25,5,31,30,1771692,321164,540659,12,1,34,117,75,Internal Database,2026-05-22
Wyandotte Builds,Workforce Partner,Wyandotte,Kansas City,Healthcare,Other,Startup,2024-06,45,9,16,22,982126,257464,212828,23,3,60,210,79,Survey Monkey Export,2026-05-22
Bright Future Accelerator,Incubator / Accelerator,Jackson,Kansas City,Manufacturing,Veteran-Owned,Idea,2024-06,17,2,7,10,132521,36161,51911,8,1,23,45,66,Airtable Base,2026-05-22
Regional Catalyst Network,Economic Development Organization,Jackson,Kansas City,Food & Beverage,Minority-Owned,Scaling,2024-07,17,3,15,23,146016,27292,48497,8,3,25,54,85,Excel Workbook,2026-05-22
Metro University Innovation Center,University / Education,Jackson,Kansas City,Professional Services,Veteran-Owned,Scaling,2024-07,56,5,23,27,494815,68980,127575,51,3,95,365,98,Internal Database,2026-05-22
KC Startup Foundation,Nonprofit Support Organization,Jackson,Kansas City,Professional Services,Youth (Under 30),Idea,2024-07,16,2,7,7,188370,52849,57241,8,2,26,100,74,Google Form,2026-05-22
Regional Growth Partners,Economic Development Organization,Johnson,Overland Park,Food & Beverage,Veteran-Owned,Idea,2024-07,47,8,28,32,934292,230949,294033,32,2,64,222,66,Airtable Base,2026-05-22
LaunchKC Network,Incubator / Accelerator,Jackson,Kansas City,Food & Beverage,Immigrant-Founded,Scaling,2024-07,42,7,26,24,755853,86594,191692,17,2,57,153,64,Excel Workbook,2026-05-22
Heartland Capital Access,Funding Partner,Johnson,Overland Park,Retail,Other,Established,2024-07,26,2,11,15,746478,151976,121343,12,2,37,71,76,Smartsheet,2026-05-22
Metro Business Builders,Nonprofit Support Organization,Clay,Liberty,Retail,Other,Idea,2024-07,15,3,15,23,241146,64172,69201,11,2,21,69,80,Google Form,2026-05-22
KC Workforce Alliance,Workforce Partner,Wyandotte,Kansas City,Healthcare,Other,Established,2024-07,9,1,9,10,58759,9822,21932,4,2,12,39,67,Survey Monkey Export,2026-05-22
Entrepreneur Support Collaborative,Nonprofit Support Organization,Jackson,Independence,Manufacturing,Women-Owned,Startup,2024-07,16,2,10,11,203167,58758,31467,8,3,27,66,76,Survey Monkey Export,2026-05-22
Main Street Business Center,Chamber / Business Association,Cass,Belton,Construction,Immigrant-Founded,Early Growth,2024-07,15,3,16,22,185504,36568,45859,10,3,20,54,68,Internal Database,2026-05-22
Midwest Innovation Hub,Incubator / Accelerator,Johnson,Olathe,Construction,Other,Established,2024-07,31,6,20,26,327229,49749,75864,14,3,46,168,86,Survey Monkey Export,2026-05-22
Urban Core Ventures,Funding Partner,Jackson,Kansas City,Logistics,Minority-Owned,Established,2024-07,24,4,23,32,582265,169705,93199,11,3,38,78,79,Google Form,2026-05-22
Northland Business Alliance,Chamber / Business Association,Platte,Riverside,Technology,Other,Startup,2024-07,15,2,5,7,176942,51799,58318,11,1,26,62,91,Google Form,2026-05-22
Regional Manufacturing Extension,Workforce Partner,Wyandotte,Kansas City,Healthcare,Other,Idea,2024-07,6,1,3,4,59427,14229,13394,3,2,10,35,85,Airtable Base,2026-05-22
Women Founders Network,Nonprofit Support Organization,Johnson,Lenexa,Manufacturing,Other,Scaling,2024-07,25,3,11,11,350589,79624,125222,21,3,39,68,72,Salesforce CRM,2026-05-22
Clay County Enterprise Center,Economic Development Organization,Clay,Gladstone,Healthcare,Veteran-Owned,Scaling,2024-07,31,5,19,21,532292,62455,197165,21,1,42,152,85,Grant Mgmt System,2026-05-22
Cass Regional SBDC,University / Education,Cass,Harrisonville,Retail,Other,Scaling,2024-07,11,2,7,6,192189,29838,29316,10,2,20,74,84,Survey Monkey Export,2026-05-22
Platte Catalyst Fund,Funding Partner,Platte,Platte City,Retail,Women-Owned,Established,2024-07,16,2,10,14,412777,89288,110754,7,1,23,74,75,Internal Database,2026-05-22
Wyandotte Builds,Workforce Partner,Wyandotte,Kansas City,Creative / Media,Minority-Owned,Scaling,2024-07,19,2,12,11,109623,15706,29713,10,2,32,108,79,Survey Monkey Export,2026-05-22
Bright Future Accelerator,Incubator / Accelerator,Jackson,Kansas City,Creative / Media,Youth (Under 30),Idea,2024-07,15,2,9,8,231054,52581,78142,7,1,24,53,66,Airtable Base,2026-05-22
Regional Catalyst Network,Economic Development Organization,Jackson,Kansas City,Manufacturing,Other,Scaling,2024-08,47,10,33,49,861616,204453,161925,24,1,74,201,85,Excel Workbook,2026-05-22
Metro University Innovation Center,University / Education,Jackson,Kansas City,Food & Beverage,Women-Owned,Startup,2024-08,63,12,38,46,1430430,230408,436648,39,2,91,332,98,Internal Database,2026-05-22
KC Startup Foundation,Nonprofit Support Organization,Jackson,Kansas City,Manufacturing,Other,Startup,2024-08,13,1,5,4,42611,6716,9403,10,3,24,64,74,Google Form,2026-05-22
Regional Growth Partners,Economic Development Organization,Johnson,Overland Park,Logistics,Women-Owned,Startup,2024-08,73,13,57,64,1379696,157674,264185,48,2,104,392,66,Airtable Base,2026-05-22
LaunchKC Network,Incubator / Accelerator,Jackson,Kansas City,Food & Beverage,Youth (Under 30),Scaling,2024-08,70,9,29,29,1000384,247001,301043,48,3,105,314,64,Excel Workbook,2026-05-22
Heartland Capital Access,Funding Partner,Johnson,Overland Park,Technology,Women-Owned,Scaling,2024-08,34,6,24,33,1195248,357844,309534,16,2,46,119,76,Smartsheet,2026-05-22
Metro Business Builders,Nonprofit Support Organization,Clay,Liberty,Logistics,Other,Established,2024-08,27,5,20,27,420038,80212,96032,14,3,38,134,80,Google Form,2026-05-22
KC Workforce Alliance,Workforce Partner,Wyandotte,Kansas City,Professional Services,Women-Owned,Established,2024-08,18,3,9,7,226089,24942,49007,15,2,33,90,67,Survey Monkey Export,2026-05-22
Entrepreneur Support Collaborative,Nonprofit Support Organization,Jackson,Independence,Healthcare,Other,Established,2024-08,22,3,13,17,173928,46661,31022,16,1,41,103,76,Survey Monkey Export,2026-05-22
Main Street Business Center,Chamber / Business Association,Cass,Belton,Manufacturing,Rural,Startup,2024-08,8,1,8,12,113749,22937,42067,4,2,12,29,68,Internal Database,2026-05-22
Midwest Innovation Hub,Incubator / Accelerator,Johnson,Olathe,Manufacturing,Minority-Owned,Established,2024-08,12,1,12,17,75723,14907,17651,9,4,20,73,86,Survey Monkey Export,2026-05-22
Urban Core Ventures,Funding Partner,Jackson,Kansas City,Creative / Media,Minority-Owned,Early Growth,2024-08,43,6,22,24,1353571,402934,471175,28,2,72,272,79,Google Form,2026-05-22
Northland Business Alliance,Chamber / Business Association,Platte,Riverside,Healthcare,Immigrant-Founded,Idea,2024-08,22,2,17,14,219349,64486,37005,20,1,35,65,91,Google Form,2026-05-22
Regional Manufacturing Extension,Workforce Partner,Wyandotte,Kansas City,Food & Beverage,Minority-Owned,Established,2024-08,13,2,5,5,85743,9747,26390,9,3,18,66,85,Airtable Base,2026-05-22
Women Founders Network,Nonprofit Support Organization,Johnson,Lenexa,Food & Beverage,Other,Idea,2024-08,24,4,16,21,253877,44420,47320,19,1,34,118,72,Salesforce CRM,2026-05-22
Clay County Enterprise Center,Economic Development Organization,Clay,Gladstone,Creative / Media,Veteran-Owned,Startup,2024-08,29,5,18,27,302130,30780,106095,13,2,38,81,85,Grant Mgmt System,2026-05-22
Cass Regional SBDC,University / Education,Cass,Harrisonville,Food & Beverage,Rural,Startup,2024-08,35,4,24,32,433067,52544,106249,19,1,45,179,84,Survey Monkey Export,2026-05-22
Platte Catalyst Fund,Funding Partner,Platte,Platte City,Professional Services,Youth (Under 30),Early Growth,2024-08,48,4,21,29,1364827,382952,469412,43,3,74,248,75,Internal Database,2026-05-22
Wyandotte Builds,Workforce Partner,Wyandotte,Kansas City,Retail,Youth (Under 30),Early Growth,2024-08,26,4,21,28,172615,44486,27332,15,1,44,135,79,Survey Monkey Export,2026-05-22
Bright Future Accelerator,Incubator / Accelerator,Jackson,Kansas City,Professional Services,Other,Idea,2024-08,17,2,10,15,106327,30070,41047,11,3,27,58,66,Airtable Base,2026-05-22
Regional Catalyst Network,Economic Development Organization,Jackson,Kansas City,Food & Beverage,Other,Early Growth,2024-09,51,9,23,30,761265,89875,189283,45,2,91,328,85,Excel Workbook,2026-05-22
Metro University Innovation Center,University / Education,Jackson,Kansas City,Food & Beverage,Youth (Under 30),Established,2024-09,27,3,18,19,346360,57357,104781,22,2,45,137,98,Internal Database,2026-05-22
KC Startup Foundation,Nonprofit Support Organization,Jackson,Kansas City,Manufacturing,Rural,Established,2024-09,23,2,11,11,101706,19398,32304,16,1,36,133,74,Google Form,2026-05-22
Regional Growth Partners,Economic Development Organization,Johnson,Overland Park,Creative / Media,Veteran-Owned,Startup,2024-09,72,12,53,54,706668,121926,279297,48,1,96,250,66,Airtable Base,2026-05-22
LaunchKC Network,Incubator / Accelerator,Jackson,Kansas City,Professional Services,Youth (Under 30),Early Growth,2024-09,81,17,73,63,748786,124823,297421,37,4,103,404,64,Excel Workbook,2026-05-22
Heartland Capital Access,Funding Partner,Johnson,Overland Park,Retail,Women-Owned,Scaling,2024-09,40,5,17,25,806389,121063,156136,15,3,53,98,76,Smartsheet,2026-05-22
Metro Business Builders,Nonprofit Support Organization,Clay,Liberty,Technology,Women-Owned,Early Growth,2024-09,30,3,8,11,306724,62156,54370,21,3,48,129,80,Google Form,2026-05-22
KC Workforce Alliance,Workforce Partner,Wyandotte,Kansas City,Creative / Media,Minority-Owned,Scaling,2024-09,28,4,17,26,379551,75171,143252,11,2,37,92,67,Survey Monkey Export,2026-05-22
Entrepreneur Support Collaborative,Nonprofit Support Organization,Jackson,Independence,Manufacturing,Other,Early Growth,2024-09,19,3,13,13,265302,31792,86341,18,2,31,81,76,Survey Monkey Export,2026-05-22
Main Street Business Center,Chamber / Business Association,Cass,Belton,Creative / Media,Other,Startup,2024-09,6,1,9,12,116287,27602,31230,3,1,10,21,68,Internal Database,2026-05-22
Midwest Innovation Hub,Incubator / Accelerator,Johnson,Olathe,Manufacturing,Other,Idea,2024-09,9,1,8,12,109888,31672,28102,7,4,15,37,86,Survey Monkey Export,2026-05-22
Urban Core Ventures,Funding Partner,Jackson,Kansas City,Technology,Other,Scaling,2024-09,29,3,14,20,597940,86839,153836,17,2,44,78,79,Google Form,2026-05-22
Northland Business Alliance,Chamber / Business Association,Platte,Riverside,Creative / Media,Other,Scaling,2024-09,8,1,5,5,67185,6800,24688,5,3,15,34,91,Google Form,2026-05-22
Regional Manufacturing Extension,Workforce Partner,Wyandotte,Kansas City,Construction,Women-Owned,Idea,2024-09,23,3,13,13,332002,43530,112418,14,3,36,107,85,Airtable Base,2026-05-22
Women Founders Network,Nonprofit Support Organization,Johnson,Lenexa,Technology,Rural,Early Growth,2024-09,19,2,10,12,174901,35922,39720,11,1,28,89,72,Salesforce CRM,2026-05-22
Clay County Enterprise Center,Economic Development Organization,Clay,Gladstone,Retail,Veteran-Owned,Scaling,2024-09,34,6,28,28,302009,62369,62675,14,2,44,113,85,Grant Mgmt System,2026-05-22
Cass Regional SBDC,University / Education,Cass,Harrisonville,Creative / Media,Other,Early Growth,2024-09,24,2,15,22,146831,18065,22790,20,2,43,140,84,Survey Monkey Export,2026-05-22
Platte Catalyst Fund,Funding Partner,Platte,Platte City,Professional Services,Women-Owned,Scaling,2024-09,17,2,9,10,637852,92051,219918,11,1,27,99,75,Internal Database,2026-05-22
Wyandotte Builds,Workforce Partner,Wyandotte,Kansas City,Manufacturing,Immigrant-Founded,Idea,2024-09,26,3,16,21,161639,21105,54923,12,1,35,74,79,Survey Monkey Export,2026-05-22
Bright Future Accelerator,Incubator / Accelerator,Jackson,Kansas City,Manufacturing,Women-Owned,Established,2024-09,9,1,9,11,65291,12271,17447,8,2,14,54,66,Airtable Base,2026-05-22
Regional Catalyst Network,Economic Development Organization,Jackson,Kansas City,Food & Beverage,Other,Scaling,2024-10,69,10,26,38,892006,179662,236986,35,3,111,403,85,Excel Workbook,2026-05-22
Metro University Innovation Center,University / Education,Jackson,Kansas City,Creative / Media,Other,Idea,2024-10,24,3,15,13,202425,49161,55897,10,1,34,127,98,Internal Database,2026-05-22
KC Startup Foundation,Nonprofit Support Organization,Jackson,Kansas City,Healthcare,Women-Owned,Established,2024-10,28,4,20,22,361883,60409,84109,21,3,41,66,74,Google Form,2026-05-22
Regional Growth Partners,Economic Development Organization,Johnson,Overland Park,Creative / Media,Rural,Early Growth,2024-10,57,9,31,26,832359,193462,151687,36,3,73,166,66,Airtable Base,2026-05-22
LaunchKC Network,Incubator / Accelerator,Jackson,Kansas City,Manufacturing,Minority-Owned,Established,2024-10,41,7,32,51,564753,58534,128321,40,1,71,225,64,Excel Workbook,2026-05-22
Heartland Capital Access,Funding Partner,Johnson,Overland Park,Retail,Minority-Owned,Established,2024-10,44,5,36,43,1487269,409413,452885,35,3,76,214,76,Smartsheet,2026-05-22
Metro Business Builders,Nonprofit Support Organization,Clay,Liberty,Construction,Women-Owned,Startup,2024-10,43,5,14,15,313971,78400,82333,29,1,58,151,80,Google Form,2026-05-22
KC Workforce Alliance,Workforce Partner,Wyandotte,Kansas City,Creative / Media,Minority-Owned,Established,2024-10,20,3,12,16,158893,22235,47853,15,2,29,73,67,Survey Monkey Export,2026-05-22
Entrepreneur Support Collaborative,Nonprofit Support Organization,Jackson,Independence,Food & Beverage,Women-Owned,Established,2024-10,24,4,17,17,207151,38839,80085,22,1,43,161,76,Survey Monkey Export,2026-05-22
Main Street Business Center,Chamber / Business Association,Cass,Belton,Retail,Other,Early Growth,2024-10,19,2,8,6,194352,32468,36249,11,1,30,52,68,Internal Database,2026-05-22
Midwest Innovation Hub,Incubator / Accelerator,Johnson,Olathe,Technology,Minority-Owned,Established,2024-10,19,2,6,5,196357,40362,34911,10,4,27,77,86,Survey Monkey Export,2026-05-22
Urban Core Ventures,Funding Partner,Jackson,Kansas City,Food & Beverage,Minority-Owned,Idea,2024-10,46,7,20,30,1329553,171133,342106,29,1,62,172,79,Google Form,2026-05-22
Northland Business Alliance,Chamber / Business Association,Platte,Riverside,Professional Services,Minority-Owned,Established,2024-10,18,2,16,19,219733,23886,54212,14,2,27,41,91,Google Form,2026-05-22
Regional Manufacturing Extension,Workforce Partner,Wyandotte,Kansas City,Professional Services,Minority-Owned,Idea,2024-10,15,2,9,11,134167,30665,47977,13,1,26,61,85,Airtable Base,2026-05-22
Women Founders Network,Nonprofit Support Organization,Johnson,Lenexa,Logistics,Other,Established,2024-10,14,2,6,6,229339,46573,91111,7,1,25,40,72,Salesforce CRM,2026-05-22
Clay County Enterprise Center,Economic Development Organization,Clay,Gladstone,Creative / Media,Immigrant-Founded,Idea,2024-10,23,4,18,19,397858,110973,98136,12,2,37,137,85,Grant Mgmt System,2026-05-22
Cass Regional SBDC,University / Education,Cass,Harrisonville,Healthcare,Immigrant-Founded,Established,2024-10,11,1,11,12,48207,7982,10794,10,1,18,40,84,Survey Monkey Export,2026-05-22
Platte Catalyst Fund,Funding Partner,Platte,Platte City,Logistics,Youth (Under 30),Established,2024-10,37,6,32,41,856101,200530,215354,24,2,57,198,75,Internal Database,2026-05-22
Wyandotte Builds,Workforce Partner,Wyandotte,Kansas City,Creative / Media,Other,Startup,2024-10,35,6,16,13,512277,113222,163808,27,2,51,125,79,Survey Monkey Export,2026-05-22
Bright Future Accelerator,Incubator / Accelerator,Jackson,Kansas City,Professional Services,Minority-Owned,Idea,2024-10,9,1,4,3,84933,12939,18266,7,3,15,37,66,Airtable Base,2026-05-22
Regional Catalyst Network,Economic Development Organization,Jackson,Kansas City,Logistics,Minority-Owned,Scaling,2024-11,47,5,31,36,472771,127224,108688,40,2,71,122,85,Excel Workbook,2026-05-22
Metro University Innovation Center,University / Education,Jackson,Kansas City,Professional Services,Other,Scaling,2024-11,20,3,15,19,168235,21496,58477,14,2,27,48,98,Internal Database,2026-05-22
KC Startup Foundation,Nonprofit Support Organization,Jackson,Kansas City,Technology,Minority-Owned,Scaling,2024-11,13,2,12,12,203066,53745,34203,11,3,19,53,74,Google Form,2026-05-22
Regional Growth Partners,Economic Development Organization,Johnson,Overland Park,Professional Services,Rural,Established,2024-11,27,5,21,26,547284,145729,152979,25,1,48,132,66,Airtable Base,2026-05-22
LaunchKC Network,Incubator / Accelerator,Jackson,Kansas City,Food & Beverage,Women-Owned,Early Growth,2024-11,80,12,35,30,1080021,240721,187229,36,5,102,222,64,Excel Workbook,2026-05-22
Heartland Capital Access,Funding Partner,Johnson,Overland Park,Healthcare,Youth (Under 30),Scaling,2024-11,45,7,36,45,2045485,440503,639791,34,1,63,101,76,Smartsheet,2026-05-22
Metro Business Builders,Nonprofit Support Organization,Clay,Liberty,Construction,Youth (Under 30),Idea,2024-11,16,3,13,18,134379,25252,36425,13,1,27,45,80,Google Form,2026-05-22
KC Workforce Alliance,Workforce Partner,Wyandotte,Kansas City,Retail,Minority-Owned,Startup,2024-11,14,2,17,15,154635,23735,32779,8,2,20,45,67,Survey Monkey Export,2026-05-22
Entrepreneur Support Collaborative,Nonprofit Support Organization,Jackson,Independence,Manufacturing,Women-Owned,Established,2024-11,32,6,25,38,718065,138847,265518,21,1,41,77,76,Survey Monkey Export,2026-05-22
Main Street Business Center,Chamber / Business Association,Cass,Belton,Logistics,Women-Owned,Established,2024-11,3,0,3,3,0,0,0,2,2,5,13,68,Internal Database,2026-05-22
Midwest Innovation Hub,Incubator / Accelerator,Johnson,Olathe,Food & Beverage,Other,Established,2024-11,15,1,9,7,119127,28123,21407,10,4,23,50,86,Survey Monkey Export,2026-05-22
Urban Core Ventures,Funding Partner,Jackson,Kansas City,Manufacturing,Veteran-Owned,Early Growth,2024-11,20,3,11,9,782847,101604,292223,10,3,35,122,79,Google Form,2026-05-22
Northland Business Alliance,Chamber / Business Association,Platte,Riverside,Healthcare,Minority-Owned,Scaling,2024-11,14,2,13,15,155982,16117,36314,9,2,20,58,91,Google Form,2026-05-22
Regional Manufacturing Extension,Workforce Partner,Wyandotte,Kansas City,Manufacturing,Other,Scaling,2024-11,16,2,16,16,116406,12836,31442,10,3,21,61,85,Airtable Base,2026-05-22
Women Founders Network,Nonprofit Support Organization,Johnson,Lenexa,Creative / Media,Youth (Under 30),Scaling,2024-11,31,4,14,19,292147,41127,80473,15,2,42,106,72,Salesforce CRM,2026-05-22
Clay County Enterprise Center,Economic Development Organization,Clay,Gladstone,Logistics,Other,Idea,2024-11,22,4,13,14,334807,78737,122845,19,2,33,93,85,Grant Mgmt System,2026-05-22
Cass Regional SBDC,University / Education,Cass,Harrisonville,Food & Beverage,Youth (Under 30),Startup,2024-11,21,4,21,29,313537,66500,120279,17,3,35,95,84,Survey Monkey Export,2026-05-22
Platte Catalyst Fund,Funding Partner,Platte,Platte City,Food & Beverage,Minority-Owned,Scaling,2024-11,34,6,27,38,1300014,245020,278347,16,1,43,141,75,Internal Database,2026-05-22
Wyandotte Builds,Workforce Partner,Wyandotte,Kansas City,Logistics,Minority-Owned,Scaling,2024-11,25,2,15,14,117253,14075,27269,13,3,42,86,79,Survey Monkey Export,2026-05-22
Bright Future Accelerator,Incubator / Accelerator,Jackson,Kansas City,Logistics,Women-Owned,Startup,2024-11,24,3,17,25,197080,45166,74296,13,2,31,121,66,Airtable Base,2026-05-22
Regional Catalyst Network,Economic Development Organization,Jackson,Kansas City,Manufacturing,Rural,Startup,2024-12,34,7,20,30,502316,99999,192965,15,3,44,175,85,Excel Workbook,2026-05-22
Metro University Innovation Center,University / Education,Jackson,Kansas City,Food & Beverage,Other,Idea,2024-12,46,6,26,34,482022,74504,169769,27,3,60,110,98,Internal Database,2026-05-22
KC Startup Foundation,Nonprofit Support Organization,Jackson,Kansas City,Professional Services,Women-Owned,Established,2024-12,11,1,2,2,72439,13440,16804,7,2,21,65,74,Google Form,2026-05-22
Regional Growth Partners,Economic Development Organization,Johnson,Overland Park,Construction,Rural,Startup,2024-12,76,7,24,27,600811,91509,144127,36,1,97,286,66,Airtable Base,2026-05-22
LaunchKC Network,Incubator / Accelerator,Jackson,Kansas City,Retail,Women-Owned,Idea,2024-12,50,10,46,65,694035,100058,270215,35,4,70,269,64,Excel Workbook,2026-05-22
Heartland Capital Access,Funding Partner,Johnson,Overland Park,Logistics,Women-Owned,Scaling,2024-12,26,4,23,33,1318267,270378,371808,17,3,34,101,76,Smartsheet,2026-05-22
Metro Business Builders,Nonprofit Support Organization,Clay,Liberty,Professional Services,Women-Owned,Scaling,2024-12,51,6,27,25,584120,115518,218882,36,2,66,211,80,Google Form,2026-05-22
KC Workforce Alliance,Workforce Partner,Wyandotte,Kansas City,Logistics,Other,Established,2024-12,20,3,17,17,172296,19746,44094,9,1,30,45,67,Survey Monkey Export,2026-05-22
Entrepreneur Support Collaborative,Nonprofit Support Organization,Jackson,Independence,Manufacturing,Youth (Under 30),Idea,2024-12,28,2,9,12,147257,43966,36169,19,3,37,115,76,Survey Monkey Export,2026-05-22
Main Street Business Center,Chamber / Business Association,Cass,Belton,Construction,Minority-Owned,Scaling,2024-12,18,3,17,15,354837,68341,117015,18,3,32,108,68,Internal Database,2026-05-22
Midwest Innovation Hub,Incubator / Accelerator,Johnson,Olathe,Construction,Youth (Under 30),Startup,2024-12,17,3,18,16,332101,34249,66925,15,3,28,95,86,Survey Monkey Export,2026-05-22
Urban Core Ventures,Funding Partner,Jackson,Kansas City,Manufacturing,Youth (Under 30),Established,2024-12,16,3,10,9,770992,121703,272889,10,3,29,47,79,Google Form,2026-05-22
Northland Business Alliance,Chamber / Business Association,Platte,Riverside,Professional Services,Youth (Under 30),Early Growth,2024-12,19,3,19,19,162031,38198,46820,11,2,24,80,91,Google Form,2026-05-22
Regional Manufacturing Extension,Workforce Partner,Wyandotte,Kansas City,Technology,Other,Established,2024-12,18,2,7,9,193212,50458,73166,12,3,29,65,85,Airtable Base,2026-05-22
Women Founders Network,Nonprofit Support Organization,Johnson,Lenexa,Creative / Media,Veteran-Owned,Established,2024-12,20,2,10,15,110477,16979,35177,18,1,34,112,72,Salesforce CRM,2026-05-22
Clay County Enterprise Center,Economic Development Organization,Clay,Gladstone,Technology,Other,Startup,2024-12,30,3,7,10,165605,41118,55762,16,3,42,85,85,Grant Mgmt System,2026-05-22
Cass Regional SBDC,University / Education,Cass,Harrisonville,Logistics,Other,Scaling,2024-12,15,2,6,7,221249,42745,77592,12,1,26,62,84,Survey Monkey Export,2026-05-22
Platte Catalyst Fund,Funding Partner,Platte,Platte City,Logistics,Other,Early Growth,2024-12,39,6,17,15,1409399,183901,327637,23,3,61,179,75,Internal Database,2026-05-22
Wyandotte Builds,Workforce Partner,Wyandotte,Kansas City,Construction,Youth (Under 30),Startup,2024-12,18,2,12,18,207196,27733,68390,12,2,25,48,79,Survey Monkey Export,2026-05-22
Bright Future Accelerator,Incubator / Accelerator,Jackson,Kansas City,Logistics,Women-Owned,Scaling,2024-12,26,5,14,20,452280,51376,84918,12,1,39,71,66,Airtable Base,2026-05-22
Regional Catalyst Network,Economic Development Organization,Jackson,Kansas City,Retail,Immigrant-Founded,Early Growth,2025-01,88,18,71,57,1759957,364570,390133,51,2,113,174,85,Excel Workbook,2026-05-22
Metro University Innovation Center,University / Education,Jackson,Kansas City,Creative / Media,Other,Established,2025-01,47,5,9,8,358758,62642,90230,38,3,83,179,98,Internal Database,2026-05-22
KC Startup Foundation,Nonprofit Support Organization,Jackson,Kansas City,Retail,Other,Startup,2025-01,13,2,16,13,181879,43754,31041,10,2,24,64,74,Google Form,2026-05-22
Regional Growth Partners,Economic Development Organization,Johnson,Overland Park,Construction,Rural,Early Growth,2025-01,18,2,5,4,87449,10045,33352,18,3,33,88,66,Airtable Base,2026-05-22
LaunchKC Network,Incubator / Accelerator,Jackson,Kansas City,Creative / Media,Youth (Under 30),Idea,2025-01,57,7,25,36,595816,127110,215900,56,5,104,233,64,Excel Workbook,2026-05-22
Heartland Capital Access,Funding Partner,Johnson,Overland Park,Creative / Media,Minority-Owned,Startup,2025-01,31,5,13,11,1425747,312412,559220,20,1,55,165,76,Smartsheet,2026-05-22
Metro Business Builders,Nonprofit Support Organization,Clay,Liberty,Professional Services,Women-Owned,Early Growth,2025-01,29,4,12,11,254521,37997,42855,23,2,49,168,80,Google Form,2026-05-22
KC Workforce Alliance,Workforce Partner,Wyandotte,Kansas City,Food & Beverage,Women-Owned,Startup,2025-01,13,1,4,4,75907,16012,19129,9,1,24,47,67,Survey Monkey Export,2026-05-22
Entrepreneur Support Collaborative,Nonprofit Support Organization,Jackson,Independence,Technology,Women-Owned,Scaling,2025-01,27,3,14,15,354761,76057,68254,14,3,44,165,76,Survey Monkey Export,2026-05-22
Main Street Business Center,Chamber / Business Association,Cass,Belton,Construction,Women-Owned,Early Growth,2025-01,11,1,10,11,90002,19688,17900,6,1,20,42,68,Internal Database,2026-05-22
Midwest Innovation Hub,Incubator / Accelerator,Johnson,Olathe,Manufacturing,Women-Owned,Idea,2025-01,24,4,14,14,203559,33410,78740,19,5,35,137,86,Survey Monkey Export,2026-05-22
Urban Core Ventures,Funding Partner,Jackson,Kansas City,Retail,Immigrant-Founded,Startup,2025-01,51,9,31,39,2057322,252592,598603,30,2,82,290,79,Google Form,2026-05-22
Northland Business Alliance,Chamber / Business Association,Platte,Riverside,Creative / Media,Women-Owned,Scaling,2025-01,26,3,16,23,281514,35987,63540,10,3,34,118,91,Google Form,2026-05-22
Regional Manufacturing Extension,Workforce Partner,Wyandotte,Kansas City,Food & Beverage,Rural,Established,2025-01,22,3,11,13,309773,53251,115816,16,3,28,80,85,Airtable Base,2026-05-22
Women Founders Network,Nonprofit Support Organization,Johnson,Lenexa,Creative / Media,Youth (Under 30),Idea,2025-01,32,3,16,20,199583,51741,35223,22,2,46,180,72,Salesforce CRM,2026-05-22
Clay County Enterprise Center,Economic Development Organization,Clay,Gladstone,Manufacturing,Minority-Owned,Scaling,2025-01,25,3,8,9,359448,70651,80465,18,3,36,67,85,Grant Mgmt System,2026-05-22
Cass Regional SBDC,University / Education,Cass,Harrisonville,Manufacturing,Women-Owned,Startup,2025-01,17,2,11,9,87149,21103,13564,11,2,23,38,84,Survey Monkey Export,2026-05-22
Platte Catalyst Fund,Funding Partner,Platte,Platte City,Professional Services,Rural,Startup,2025-01,46,7,21,23,1230005,284698,306142,30,3,69,212,75,Internal Database,2026-05-22
Wyandotte Builds,Workforce Partner,Wyandotte,Kansas City,Retail,Veteran-Owned,Established,2025-01,16,3,19,16,198236,37964,42737,9,3,28,55,79,Survey Monkey Export,2026-05-22
Bright Future Accelerator,Incubator / Accelerator,Jackson,Kansas City,Logistics,Immigrant-Founded,Early Growth,2025-01,10,1,5,6,89158,10427,16359,8,4,15,33,66,Airtable Base,2026-05-22
Regional Catalyst Network,Economic Development Organization,Jackson,Kansas City,Manufacturing,Minority-Owned,Idea,2025-02,65,9,29,32,824587,247359,238081,34,2,96,310,85,Excel Workbook,2026-05-22
Metro University Innovation Center,University / Education,Jackson,Kansas City,Logistics,Minority-Owned,Startup,2025-02,33,4,15,13,318390,75439,80841,32,3,59,163,98,Internal Database,2026-05-22
KC Startup Foundation,Nonprofit Support Organization,Jackson,Kansas City,Logistics,Immigrant-Founded,Idea,2025-02,9,0,1,1,0,0,0,8,2,15,51,74,Google Form,2026-05-22
Regional Growth Partners,Economic Development Organization,Johnson,Overland Park,Food & Beverage,Other,Early Growth,2025-02,27,4,12,13,439939,46829,94896,19,2,37,78,66,Airtable Base,2026-05-22
LaunchKC Network,Incubator / Accelerator,Jackson,Kansas City,Manufacturing,Veteran-Owned,Idea,2025-02,64,10,30,41,565295,79926,93182,42,2,86,158,64,Excel Workbook,2026-05-22
Heartland Capital Access,Funding Partner,Johnson,Overland Park,Professional Services,Youth (Under 30),Scaling,2025-02,26,3,11,16,1123408,288871,426549,22,3,37,64,76,Smartsheet,2026-05-22
Metro Business Builders,Nonprofit Support Organization,Clay,Liberty,Food & Beverage,Other,Startup,2025-02,25,3,10,14,270675,47377,45711,17,1,43,132,80,Google Form,2026-05-22
KC Workforce Alliance,Workforce Partner,Wyandotte,Kansas City,Manufacturing,Veteran-Owned,Early Growth,2025-02,12,1,1,1,90787,21739,32912,10,1,19,74,67,Survey Monkey Export,2026-05-22
Entrepreneur Support Collaborative,Nonprofit Support Organization,Jackson,Independence,Creative / Media,Veteran-Owned,Established,2025-02,23,3,10,9,302940,33077,92864,21,3,38,141,76,Survey Monkey Export,2026-05-22
Main Street Business Center,Chamber / Business Association,Cass,Belton,Logistics,Women-Owned,Startup,2025-02,17,2,11,9,123843,28597,26328,10,1,22,84,68,Internal Database,2026-05-22
Midwest Innovation Hub,Incubator / Accelerator,Johnson,Olathe,Professional Services,Rural,Startup,2025-02,28,5,20,17,437471,89195,114296,12,2,39,66,86,Survey Monkey Export,2026-05-22
Urban Core Ventures,Funding Partner,Jackson,Kansas City,Technology,Rural,Idea,2025-02,35,3,12,16,489315,124624,165530,20,1,61,225,79,Google Form,2026-05-22
Northland Business Alliance,Chamber / Business Association,Platte,Riverside,Healthcare,Rural,Startup,2025-02,21,2,11,10,150781,21629,56414,16,3,31,94,91,Google Form,2026-05-22
Regional Manufacturing Extension,Workforce Partner,Wyandotte,Kansas City,Healthcare,Other,Scaling,2025-02,17,3,9,11,188380,54301,29520,9,2,26,85,85,Airtable Base,2026-05-22
Women Founders Network,Nonprofit Support Organization,Johnson,Lenexa,Food & Beverage,Minority-Owned,Scaling,2025-02,12,1,7,10,87514,17997,34517,8,1,20,54,72,Salesforce CRM,2026-05-22
Clay County Enterprise Center,Economic Development Organization,Clay,Gladstone,Professional Services,Other,Startup,2025-02,13,2,12,14,82206,11767,31291,12,1,21,62,85,Grant Mgmt System,2026-05-22
Cass Regional SBDC,University / Education,Cass,Harrisonville,Construction,Immigrant-Founded,Scaling,2025-02,18,3,10,9,353835,46379,81979,9,1,29,110,84,Survey Monkey Export,2026-05-22
Platte Catalyst Fund,Funding Partner,Platte,Platte City,Manufacturing,Minority-Owned,Established,2025-02,24,2,4,4,635216,78696,207699,21,1,44,147,75,Internal Database,2026-05-22
Wyandotte Builds,Workforce Partner,Wyandotte,Kansas City,Technology,Women-Owned,Early Growth,2025-02,15,1,5,7,42348,11070,9231,7,3,21,72,79,Survey Monkey Export,2026-05-22
Bright Future Accelerator,Incubator / Accelerator,Jackson,Kansas City,Manufacturing,Minority-Owned,Scaling,2025-02,11,1,5,4,93929,11559,31484,5,4,17,63,66,Airtable Base,2026-05-22
Regional Catalyst Network,Economic Development Organization,Jackson,Kansas City,Technology,Women-Owned,Idea,2025-03,52,6,33,49,441297,72531,112117,38,3,82,274,85,Excel Workbook,2026-05-22
Metro University Innovation Center,University / Education,Jackson,Kansas City,Professional Services,Minority-Owned,Idea,2025-03,41,4,13,15,437130,111339,99523,18,2,58,214,98,Internal Database,2026-05-22
KC Startup Foundation,Nonprofit Support Organization,Jackson,Kansas City,Manufacturing,Youth (Under 30),Idea,2025-03,17,3,13,14,295791,61912,103229,14,3,24,82,74,Google Form,2026-05-22
Regional Growth Partners,Economic Development Organization,Johnson,Overland Park,Healthcare,Women-Owned,Established,2025-03,69,12,28,29,775210,109334,306811,51,2,98,327,66,Airtable Base,2026-05-22
LaunchKC Network,Incubator / Accelerator,Jackson,Kansas City,Construction,Immigrant-Founded,Idea,2025-03,60,6,19,28,598991,129474,165535,41,5,97,256,64,Excel Workbook,2026-05-22
Heartland Capital Access,Funding Partner,Johnson,Overland Park,Construction,Women-Owned,Scaling,2025-03,40,5,26,40,1219530,178932,470602,29,3,70,162,76,Smartsheet,2026-05-22
Metro Business Builders,Nonprofit Support Organization,Clay,Liberty,Healthcare,Other,Scaling,2025-03,33,4,14,15,432794,51106,152299,26,2,50,132,80,Google Form,2026-05-22
KC Workforce Alliance,Workforce Partner,Wyandotte,Kansas City,Food & Beverage,Other,Scaling,2025-03,24,2,10,10,238508,25333,59888,17,3,38,81,67,Survey Monkey Export,2026-05-22
Entrepreneur Support Collaborative,Nonprofit Support Organization,Jackson,Independence,Logistics,Youth (Under 30),Scaling,2025-03,24,2,11,16,139558,31548,43426,19,1,33,117,76,Survey Monkey Export,2026-05-22
Main Street Business Center,Chamber / Business Association,Cass,Belton,Food & Beverage,Other,Idea,2025-03,19,2,8,12,153759,20541,45123,13,1,25,40,68,Internal Database,2026-05-22
Midwest Innovation Hub,Incubator / Accelerator,Johnson,Olathe,Construction,Immigrant-Founded,Established,2025-03,15,1,5,7,63608,11602,18298,8,4,26,54,86,Survey Monkey Export,2026-05-22
Urban Core Ventures,Funding Partner,Jackson,Kansas City,Technology,Women-Owned,Established,2025-03,40,6,26,37,1319596,275668,357834,27,3,52,179,79,Google Form,2026-05-22
Northland Business Alliance,Chamber / Business Association,Platte,Riverside,Creative / Media,Minority-Owned,Early Growth,2025-03,15,3,18,15,359905,106098,62995,14,2,25,85,91,Google Form,2026-05-22
Regional Manufacturing Extension,Workforce Partner,Wyandotte,Kansas City,Retail,Minority-Owned,Idea,2025-03,20,4,8,12,261761,64817,62743,17,1,29,60,85,Airtable Base,2026-05-22
Women Founders Network,Nonprofit Support Organization,Johnson,Lenexa,Technology,Other,Early Growth,2025-03,36,4,20,30,188882,27675,38664,23,1,53,144,72,Salesforce CRM,2026-05-22
Clay County Enterprise Center,Economic Development Organization,Clay,Gladstone,Creative / Media,Immigrant-Founded,Early Growth,2025-03,25,4,20,29,453511,115587,163998,17,1,43,127,85,Grant Mgmt System,2026-05-22
Cass Regional SBDC,University / Education,Cass,Harrisonville,Professional Services,Other,Early Growth,2025-03,16,2,5,7,157952,25818,51618,12,2,24,74,84,Survey Monkey Export,2026-05-22
Platte Catalyst Fund,Funding Partner,Platte,Platte City,Creative / Media,Rural,Scaling,2025-03,34,4,12,16,1483466,264532,591266,16,3,50,193,75,Internal Database,2026-05-22
Wyandotte Builds,Workforce Partner,Wyandotte,Kansas City,Technology,Women-Owned,Early Growth,2025-03,44,7,30,27,374016,103626,64398,38,1,73,288,79,Survey Monkey Export,2026-05-22
Bright Future Accelerator,Incubator / Accelerator,Jackson,Kansas City,Professional Services,Veteran-Owned,Early Growth,2025-03,15,2,16,13,146243,40414,34777,10,3,25,47,66,Airtable Base,2026-05-22
Regional Catalyst Network,Economic Development Organization,Jackson,Kansas City,Construction,Women-Owned,Established,2025-04,67,8,25,35,387024,65159,143966,28,1,91,195,85,Excel Workbook,2026-05-22
Metro University Innovation Center,University / Education,Jackson,Kansas City,Healthcare,Other,Scaling,2025-04,76,16,68,92,1195776,132385,278345,51,2,121,365,98,Internal Database,2026-05-22
KC Startup Foundation,Nonprofit Support Organization,Jackson,Kansas City,Retail,Veteran-Owned,Scaling,2025-04,16,2,4,3,137732,25552,30802,12,3,27,50,74,Google Form,2026-05-22
Regional Growth Partners,Economic Development Organization,Johnson,Overland Park,Logistics,Women-Owned,Idea,2025-04,65,10,31,44,913493,162149,221755,36,3,82,177,66,Airtable Base,2026-05-22
LaunchKC Network,Incubator / Accelerator,Jackson,Kansas City,Construction,Minority-Owned,Established,2025-04,68,13,49,45,1360507,248697,461367,56,1,111,351,64,Excel Workbook,2026-05-22
Heartland Capital Access,Funding Partner,Johnson,Overland Park,Retail,Youth (Under 30),Established,2025-04,38,7,23,34,2176035,436121,816260,25,1,57,214,76,Smartsheet,2026-05-22
Metro Business Builders,Nonprofit Support Organization,Clay,Liberty,Healthcare,Women-Owned,Established,2025-04,51,10,34,38,901780,240614,193406,38,2,65,259,80,Google Form,2026-05-22
KC Workforce Alliance,Workforce Partner,Wyandotte,Kansas City,Manufacturing,Women-Owned,Scaling,2025-04,11,1,9,12,73155,9483,21725,9,2,19,48,67,Survey Monkey Export,2026-05-22
Entrepreneur Support Collaborative,Nonprofit Support Organization,Jackson,Independence,Manufacturing,Other,Scaling,2025-04,28,5,19,19,268879,48558,81890,18,2,37,99,76,Survey Monkey Export,2026-05-22
Main Street Business Center,Chamber / Business Association,Cass,Belton,Construction,Women-Owned,Early Growth,2025-04,14,1,6,6,108658,25748,42716,11,1,22,79,68,Internal Database,2026-05-22
Midwest Innovation Hub,Incubator / Accelerator,Johnson,Olathe,Retail,Women-Owned,Established,2025-04,21,3,8,9,243960,42639,40021,16,3,29,78,86,Survey Monkey Export,2026-05-22
Urban Core Ventures,Funding Partner,Jackson,Kansas City,Healthcare,Women-Owned,Scaling,2025-04,18,3,14,21,422829,72758,84471,9,1,27,42,79,Google Form,2026-05-22
Northland Business Alliance,Chamber / Business Association,Platte,Riverside,Professional Services,Other,Scaling,2025-04,7,0,8,9,0,0,0,6,2,11,31,91,Google Form,2026-05-22
Regional Manufacturing Extension,Workforce Partner,Wyandotte,Kansas City,Manufacturing,Minority-Owned,Established,2025-04,32,4,16,15,436681,128134,139978,15,2,43,119,85,Airtable Base,2026-05-22
Women Founders Network,Nonprofit Support Organization,Johnson,Lenexa,Logistics,Other,Startup,2025-04,23,4,14,22,271586,40846,72425,19,2,39,95,72,Salesforce CRM,2026-05-22
Clay County Enterprise Center,Economic Development Organization,Clay,Gladstone,Creative / Media,Other,Established,2025-04,28,6,28,34,471234,78817,103257,17,1,36,115,85,Grant Mgmt System,2026-05-22
Cass Regional SBDC,University / Education,Cass,Harrisonville,Professional Services,Other,Early Growth,2025-04,12,1,1,0,72327,11855,13379,5,3,17,59,84,Survey Monkey Export,2026-05-22
Platte Catalyst Fund,Funding Partner,Platte,Platte City,Technology,Rural,Early Growth,2025-04,31,3,18,22,794599,204195,299271,17,3,48,98,75,Internal Database,2026-05-22
Wyandotte Builds,Workforce Partner,Wyandotte,Kansas City,Professional Services,Immigrant-Founded,Startup,2025-04,34,3,5,5,283130,47318,48790,31,3,58,113,79,Survey Monkey Export,2026-05-22
Bright Future Accelerator,Incubator / Accelerator,Jackson,Kansas City,Professional Services,Minority-Owned,Early Growth,2025-04,6,1,10,8,89652,17432,17808,3,4,10,29,66,Airtable Base,2026-05-22
Regional Catalyst Network,Economic Development Organization,Jackson,Kansas City,Manufacturing,Other,Established,2025-05,46,5,25,26,257289,70105,50194,35,3,60,237,85,Excel Workbook,2026-05-22
Metro University Innovation Center,University / Education,Jackson,Kansas City,Manufacturing,Immigrant-Founded,Startup,2025-05,45,5,24,30,251762,47014,64791,23,3,68,234,98,Internal Database,2026-05-22
KC Startup Foundation,Nonprofit Support Organization,Jackson,Kansas City,Construction,Other,Established,2025-05,30,6,29,40,592129,86008,218641,19,1,42,63,74,Google Form,2026-05-22
Regional Growth Partners,Economic Development Organization,Johnson,Overland Park,Food & Beverage,Women-Owned,Established,2025-05,31,3,17,19,284827,36104,113655,25,2,56,144,66,Airtable Base,2026-05-22
LaunchKC Network,Incubator / Accelerator,Jackson,Kansas City,Logistics,Minority-Owned,Startup,2025-05,87,8,30,47,398823,96603,138803,42,1,116,320,64,Excel Workbook,2026-05-22
Heartland Capital Access,Funding Partner,Johnson,Overland Park,Construction,Other,Early Growth,2025-05,38,4,8,11,638561,96133,207830,17,1,55,143,76,Smartsheet,2026-05-22
Metro Business Builders,Nonprofit Support Organization,Clay,Liberty,Retail,Rural,Idea,2025-05,29,3,18,16,148256,18206,26176,22,1,41,135,80,Google Form,2026-05-22
KC Workforce Alliance,Workforce Partner,Wyandotte,Kansas City,Retail,Youth (Under 30),Early Growth,2025-05,23,3,4,4,176281,18077,30364,20,3,36,97,67,Survey Monkey Export,2026-05-22
Entrepreneur Support Collaborative,Nonprofit Support Organization,Jackson,Independence,Manufacturing,Other,Established,2025-05,25,4,14,14,308568,37016,59762,13,3,37,82,76,Survey Monkey Export,2026-05-22
Main Street Business Center,Chamber / Business Association,Cass,Belton,Technology,Other,Early Growth,2025-05,19,2,9,7,137204,25731,41909,14,2,26,50,68,Internal Database,2026-05-22
Midwest Innovation Hub,Incubator / Accelerator,Johnson,Olathe,Manufacturing,Minority-Owned,Early Growth,2025-05,26,3,15,22,147133,35199,24227,17,4,33,115,86,Survey Monkey Export,2026-05-22
Urban Core Ventures,Funding Partner,Jackson,Kansas City,Healthcare,Women-Owned,Scaling,2025-05,19,3,16,20,1068873,210157,290766,16,3,30,99,79,Google Form,2026-05-22
Northland Business Alliance,Chamber / Business Association,Platte,Riverside,Construction,Veteran-Owned,Idea,2025-05,16,2,14,17,134128,27445,43611,10,3,23,73,91,Google Form,2026-05-22
Regional Manufacturing Extension,Workforce Partner,Wyandotte,Kansas City,Manufacturing,Veteran-Owned,Startup,2025-05,11,1,8,12,80445,15594,22038,7,1,16,61,85,Airtable Base,2026-05-22
Women Founders Network,Nonprofit Support Organization,Johnson,Lenexa,Healthcare,Women-Owned,Established,2025-05,22,3,16,17,257528,30286,70720,19,1,36,93,72,Salesforce CRM,2026-05-22
Clay County Enterprise Center,Economic Development Organization,Clay,Gladstone,Professional Services,Women-Owned,Established,2025-05,24,2,10,14,222417,47256,69760,20,3,38,117,85,Grant Mgmt System,2026-05-22
Cass Regional SBDC,University / Education,Cass,Harrisonville,Logistics,Other,Early Growth,2025-05,27,3,10,12,143384,33233,21586,18,2,36,94,84,Survey Monkey Export,2026-05-22
Platte Catalyst Fund,Funding Partner,Platte,Platte City,Professional Services,Other,Early Growth,2025-05,21,4,16,23,712623,88471,258716,19,2,37,79,75,Internal Database,2026-05-22
Wyandotte Builds,Workforce Partner,Wyandotte,Kansas City,Retail,Veteran-Owned,Startup,2025-05,28,5,23,29,582476,73932,160010,23,2,44,138,79,Survey Monkey Export,2026-05-22
Bright Future Accelerator,Incubator / Accelerator,Jackson,Kansas City,Creative / Media,Other,Scaling,2025-05,24,3,14,13,212977,46878,78945,17,4,36,65,66,Airtable Base,2026-05-22
Regional Catalyst Network,Economic Development Organization,Jackson,Kansas City,Creative / Media,Other,Established,2025-06,108,14,64,100,1344015,335580,302038,63,1,146,369,85,Excel Workbook,2026-05-22
Metro University Innovation Center,University / Education,Jackson,Kansas City,Creative / Media,Other,Scaling,2025-06,45,6,19,25,481868,115100,111116,38,2,64,249,98,Internal Database,2026-05-22
KC Startup Foundation,Nonprofit Support Organization,Jackson,Kansas City,Manufacturing,Other,Scaling,2025-06,14,2,12,17,163636,17190,30490,7,3,20,70,74,Google Form,2026-05-22
Regional Growth Partners,Economic Development Organization,Johnson,Overland Park,Technology,Women-Owned,Startup,2025-06,66,7,31,29,625020,146945,181550,52,2,113,297,66,Airtable Base,2026-05-22
LaunchKC Network,Incubator / Accelerator,Jackson,Kansas City,Retail,Other,Scaling,2025-06,49,8,36,30,758495,222365,123976,27,3,66,229,64,Excel Workbook,2026-05-22
Heartland Capital Access,Funding Partner,Johnson,Overland Park,Food & Beverage,Minority-Owned,Established,2025-06,51,9,33,40,1829785,247908,586747,34,3,71,277,76,Smartsheet,2026-05-22
Metro Business Builders,Nonprofit Support Organization,Clay,Liberty,Healthcare,Other,Scaling,2025-06,32,4,14,20,172780,49367,51699,15,2,53,203,80,Google Form,2026-05-22
KC Workforce Alliance,Workforce Partner,Wyandotte,Kansas City,Food & Beverage,Immigrant-Founded,Scaling,2025-06,17,2,12,14,144546,24555,53604,12,1,24,68,67,Survey Monkey Export,2026-05-22
Entrepreneur Support Collaborative,Nonprofit Support Organization,Jackson,Independence,Professional Services,Minority-Owned,Early Growth,2025-06,27,5,29,45,561798,125135,171507,12,3,40,104,76,Survey Monkey Export,2026-05-22
Main Street Business Center,Chamber / Business Association,Cass,Belton,Technology,Rural,Early Growth,2025-06,8,1,11,9,80698,15926,18085,6,3,15,41,68,Internal Database,2026-05-22
Midwest Innovation Hub,Incubator / Accelerator,Johnson,Olathe,Retail,Minority-Owned,Idea,2025-06,27,4,11,9,295747,35721,84121,17,4,35,128,86,Survey Monkey Export,2026-05-22
Urban Core Ventures,Funding Partner,Jackson,Kansas City,Construction,Rural,Idea,2025-06,33,4,11,9,745109,113055,184047,26,2,50,146,79,Google Form,2026-05-22
Northland Business Alliance,Chamber / Business Association,Platte,Riverside,Construction,Veteran-Owned,Idea,2025-06,12,2,9,12,160453,25346,51580,6,3,22,52,91,Google Form,2026-05-22
Regional Manufacturing Extension,Workforce Partner,Wyandotte,Kansas City,Manufacturing,Minority-Owned,Established,2025-06,10,1,10,13,90723,14480,33725,9,3,18,40,85,Airtable Base,2026-05-22
Women Founders Network,Nonprofit Support Organization,Johnson,Lenexa,Professional Services,Other,Idea,2025-06,15,1,6,7,112283,18950,28425,15,1,27,91,72,Salesforce CRM,2026-05-22
Clay County Enterprise Center,Economic Development Organization,Clay,Gladstone,Creative / Media,Women-Owned,Startup,2025-06,26,3,21,31,230703,48432,51369,24,3,44,175,85,Grant Mgmt System,2026-05-22
Cass Regional SBDC,University / Education,Cass,Harrisonville,Manufacturing,Minority-Owned,Startup,2025-06,18,2,7,6,152103,33959,34438,14,3,29,66,84,Survey Monkey Export,2026-05-22
Platte Catalyst Fund,Funding Partner,Platte,Platte City,Healthcare,Youth (Under 30),Early Growth,2025-06,39,5,16,21,1509862,251109,407645,32,1,66,158,75,Internal Database,2026-05-22
Wyandotte Builds,Workforce Partner,Wyandotte,Kansas City,Logistics,Minority-Owned,Early Growth,2025-06,28,3,12,17,270388,66376,100861,22,1,40,133,79,Survey Monkey Export,2026-05-22
Bright Future Accelerator,Incubator / Accelerator,Jackson,Kansas City,Creative / Media,Rural,Scaling,2025-06,7,0,1,1,0,0,0,6,4,13,24,66,Airtable Base,2026-05-22
Regional Catalyst Network,Economic Development Organization,Jackson,Kansas City,Food & Beverage,Women-Owned,Scaling,2025-07,43,7,32,46,529883,71973,205159,31,1,65,181,85,Excel Workbook,2026-05-22
Metro University Innovation Center,University / Education,Jackson,Kansas City,Healthcare,Other,Established,2025-07,60,7,22,21,497332,141033,184205,41,2,82,285,98,Internal Database,2026-05-22
KC Startup Foundation,Nonprofit Support Organization,Jackson,Kansas City,Technology,Other,Early Growth,2025-07,38,5,28,35,435071,121665,73726,25,2,54,132,74,Google Form,2026-05-22
Regional Growth Partners,Economic Development Organization,Johnson,Overland Park,Food & Beverage,Minority-Owned,Startup,2025-07,45,7,26,33,323169,73907,65564,26,1,59,112,66,Airtable Base,2026-05-22
LaunchKC Network,Incubator / Accelerator,Jackson,Kansas City,Healthcare,Women-Owned,Scaling,2025-07,55,10,40,47,1066691,111457,171509,40,2,92,175,64,Excel Workbook,2026-05-22
Heartland Capital Access,Funding Partner,Johnson,Overland Park,Healthcare,Women-Owned,Scaling,2025-07,43,5,17,26,1561020,362701,344772,36,2,77,119,76,Smartsheet,2026-05-22
Metro Business Builders,Nonprofit Support Organization,Clay,Liberty,Manufacturing,Minority-Owned,Scaling,2025-07,48,9,35,50,550454,134771,129724,44,1,82,258,80,Google Form,2026-05-22
KC Workforce Alliance,Workforce Partner,Wyandotte,Kansas City,Logistics,Youth (Under 30),Idea,2025-07,16,1,11,13,78069,17405,12472,12,1,29,50,67,Survey Monkey Export,2026-05-22
Entrepreneur Support Collaborative,Nonprofit Support Organization,Jackson,Independence,Creative / Media,Immigrant-Founded,Idea,2025-07,39,6,18,27,659915,158068,169755,25,2,51,130,76,Survey Monkey Export,2026-05-22
Main Street Business Center,Chamber / Business Association,Cass,Belton,Logistics,Other,Established,2025-07,13,2,15,17,93410,20518,26708,6,3,18,67,68,Internal Database,2026-05-22
Midwest Innovation Hub,Incubator / Accelerator,Johnson,Olathe,Food & Beverage,Women-Owned,Idea,2025-07,14,2,10,10,120581,32676,30855,11,2,27,84,86,Survey Monkey Export,2026-05-22
Urban Core Ventures,Funding Partner,Jackson,Kansas City,Professional Services,Youth (Under 30),Established,2025-07,39,6,18,22,1851639,457644,673533,19,1,53,125,79,Google Form,2026-05-22
Northland Business Alliance,Chamber / Business Association,Platte,Riverside,Manufacturing,Other,Established,2025-07,17,2,4,5,142256,32317,49944,14,3,30,48,91,Google Form,2026-05-22
Regional Manufacturing Extension,Workforce Partner,Wyandotte,Kansas City,Healthcare,Immigrant-Founded,Scaling,2025-07,16,1,6,6,96928,21275,37455,16,2,28,78,85,Airtable Base,2026-05-22
Women Founders Network,Nonprofit Support Organization,Johnson,Lenexa,Healthcare,Rural,Established,2025-07,54,8,24,34,751375,129197,235747,31,3,70,212,72,Salesforce CRM,2026-05-22
Clay County Enterprise Center,Economic Development Organization,Clay,Gladstone,Healthcare,Women-Owned,Early Growth,2025-07,27,4,14,19,425524,120424,100859,13,1,43,95,85,Grant Mgmt System,2026-05-22
Cass Regional SBDC,University / Education,Cass,Harrisonville,Food & Beverage,Minority-Owned,Startup,2025-07,12,1,8,9,81062,12284,23060,9,2,22,39,84,Survey Monkey Export,2026-05-22
Platte Catalyst Fund,Funding Partner,Platte,Platte City,Food & Beverage,Rural,Established,2025-07,21,4,14,16,581175,131771,231627,13,1,29,51,75,Internal Database,2026-05-22
Wyandotte Builds,Workforce Partner,Wyandotte,Kansas City,Retail,Other,Established,2025-07,36,7,21,18,801581,156557,191084,33,3,66,111,79,Survey Monkey Export,2026-05-22
Bright Future Accelerator,Incubator / Accelerator,Jackson,Kansas City,Food & Beverage,Women-Owned,Startup,2025-07,14,2,9,8,97070,27571,30960,7,3,20,37,66,Airtable Base,2026-05-22
Regional Catalyst Network,Economic Development Organization,Jackson,Kansas City,Logistics,Youth (Under 30),Scaling,2025-08,95,13,57,85,1314832,265894,328010,69,1,148,289,85,Excel Workbook,2026-05-22
Metro University Innovation Center,University / Education,Jackson,Kansas City,Healthcare,Women-Owned,Established,2025-08,33,4,19,17,380547,38954,77132,29,3,50,132,98,Internal Database,2026-05-22
KC Startup Foundation,Nonprofit Support Organization,Jackson,Kansas City,Manufacturing,Minority-Owned,Scaling,2025-08,24,3,15,16,300526,51995,75176,13,2,39,99,74,Google Form,2026-05-22
Regional Growth Partners,Economic Development Organization,Johnson,Overland Park,Logistics,Women-Owned,Startup,2025-08,91,16,67,83,1585333,308501,241661,67,1,122,427,66,Airtable Base,2026-05-22
LaunchKC Network,Incubator / Accelerator,Jackson,Kansas City,Construction,Immigrant-Founded,Scaling,2025-08,49,6,28,23,362059,96957,63025,24,2,73,148,64,Excel Workbook,2026-05-22
Heartland Capital Access,Funding Partner,Johnson,Overland Park,Professional Services,Minority-Owned,Early Growth,2025-08,12,1,3,4,294177,39686,101513,12,1,21,61,76,Smartsheet,2026-05-22
Metro Business Builders,Nonprofit Support Organization,Clay,Liberty,Professional Services,Minority-Owned,Scaling,2025-08,21,3,12,15,200973,45471,58866,9,1,28,98,80,Google Form,2026-05-22
KC Workforce Alliance,Workforce Partner,Wyandotte,Kansas City,Manufacturing,Women-Owned,Early Growth,2025-08,18,2,13,13,173907,50973,44084,13,3,30,72,67,Survey Monkey Export,2026-05-22
Entrepreneur Support Collaborative,Nonprofit Support Organization,Jackson,Independence,Healthcare,Other,Startup,2025-08,28,5,10,9,419373,44148,104530,11,1,36,133,76,Survey Monkey Export,2026-05-22
Main Street Business Center,Chamber / Business Association,Cass,Belton,Manufacturing,Women-Owned,Scaling,2025-08,25,3,15,15,126857,29520,46314,16,1,33,118,68,Internal Database,2026-05-22
Midwest Innovation Hub,Incubator / Accelerator,Johnson,Olathe,Professional Services,Other,Established,2025-08,27,4,21,28,363472,77345,102086,15,3,45,138,86,Survey Monkey Export,2026-05-22
Urban Core Ventures,Funding Partner,Jackson,Kansas City,Creative / Media,Minority-Owned,Early Growth,2025-08,24,3,13,12,488678,76894,138674,13,2,43,146,79,Google Form,2026-05-22
Northland Business Alliance,Chamber / Business Association,Platte,Riverside,Logistics,Other,Established,2025-08,16,2,16,19,119983,29154,37374,7,3,22,57,91,Google Form,2026-05-22
Regional Manufacturing Extension,Workforce Partner,Wyandotte,Kansas City,Construction,Minority-Owned,Idea,2025-08,19,3,17,22,219096,59308,42855,10,3,26,91,85,Airtable Base,2026-05-22
Women Founders Network,Nonprofit Support Organization,Johnson,Lenexa,Food & Beverage,Women-Owned,Established,2025-08,26,3,8,6,184606,44866,61247,17,1,38,66,72,Salesforce CRM,2026-05-22
Clay County Enterprise Center,Economic Development Organization,Clay,Gladstone,Retail,Women-Owned,Idea,2025-08,19,3,17,19,348394,38744,119817,16,1,31,111,85,Grant Mgmt System,2026-05-22
Cass Regional SBDC,University / Education,Cass,Harrisonville,Manufacturing,Youth (Under 30),Startup,2025-08,29,5,20,28,495047,52822,131290,14,3,39,101,84,Survey Monkey Export,2026-05-22
Platte Catalyst Fund,Funding Partner,Platte,Platte City,Manufacturing,Immigrant-Founded,Startup,2025-08,19,2,11,9,582922,81460,216776,18,2,31,66,75,Internal Database,2026-05-22
Wyandotte Builds,Workforce Partner,Wyandotte,Kansas City,Retail,Other,Startup,2025-08,24,3,8,11,234064,51316,56842,12,1,42,145,79,Survey Monkey Export,2026-05-22
Bright Future Accelerator,Incubator / Accelerator,Jackson,Kansas City,Manufacturing,Minority-Owned,Established,2025-08,27,5,24,20,250330,36682,98985,17,4,35,121,66,Airtable Base,2026-05-22
Regional Catalyst Network,Economic Development Organization,Jackson,Kansas City,Professional Services,Other,Established,2025-09,62,11,32,26,871280,185879,249103,49,2,97,277,85,Excel Workbook,2026-05-22
Metro University Innovation Center,University / Education,Jackson,Kansas City,Professional Services,Other,Early Growth,2025-09,78,9,30,34,918660,184826,306294,56,2,103,271,98,Internal Database,2026-05-22
KC Startup Foundation,Nonprofit Support Organization,Jackson,Kansas City,Technology,Youth (Under 30),Early Growth,2025-09,27,4,15,16,356172,58597,110493,16,2,37,106,74,Google Form,2026-05-22
Regional Growth Partners,Economic Development Organization,Johnson,Overland Park,Manufacturing,Women-Owned,Idea,2025-09,86,8,24,22,633542,142416,188526,44,2,145,358,66,Airtable Base,2026-05-22
LaunchKC Network,Incubator / Accelerator,Jackson,Kansas City,Technology,Minority-Owned,Scaling,2025-09,78,13,59,86,1293216,359625,459746,44,4,100,240,64,Excel Workbook,2026-05-22
Heartland Capital Access,Funding Partner,Johnson,Overland Park,Technology,Other,Early Growth,2025-09,23,2,8,9,354877,82109,103803,10,1,31,76,76,Smartsheet,2026-05-22
Metro Business Builders,Nonprofit Support Organization,Clay,Liberty,Healthcare,Youth (Under 30),Scaling,2025-09,34,4,17,22,288498,48324,54683,27,1,48,93,80,Google Form,2026-05-22
KC Workforce Alliance,Workforce Partner,Wyandotte,Kansas City,Logistics,Other,Early Growth,2025-09,1,0,0,0,0,0,0,0,1,2,5,67,Survey Monkey Export,2026-05-22
Entrepreneur Support Collaborative,Nonprofit Support Organization,Jackson,Independence,Professional Services,Other,Established,2025-09,22,2,8,7,114371,18640,39215,22,1,40,158,76,Survey Monkey Export,2026-05-22
Main Street Business Center,Chamber / Business Association,Cass,Belton,Food & Beverage,Other,Scaling,2025-09,5,0,1,0,0,0,0,4,2,10,20,68,Internal Database,2026-05-22
Midwest Innovation Hub,Incubator / Accelerator,Johnson,Olathe,Retail,Other,Early Growth,2025-09,26,4,15,22,344410,39846,56476,16,2,35,116,86,Survey Monkey Export,2026-05-22
Urban Core Ventures,Funding Partner,Jackson,Kansas City,Professional Services,Minority-Owned,Established,2025-09,20,2,14,17,412049,44598,117426,8,3,27,66,79,Google Form,2026-05-22
Northland Business Alliance,Chamber / Business Association,Platte,Riverside,Healthcare,Minority-Owned,Startup,2025-09,27,5,27,34,259204,43347,69716,11,2,34,117,91,Google Form,2026-05-22
Regional Manufacturing Extension,Workforce Partner,Wyandotte,Kansas City,Technology,Youth (Under 30),Early Growth,2025-09,31,3,12,14,267839,66192,56664,19,2,43,85,85,Airtable Base,2026-05-22
Women Founders Network,Nonprofit Support Organization,Johnson,Lenexa,Manufacturing,Minority-Owned,Established,2025-09,18,3,19,20,193156,57469,58730,13,2,33,51,72,Salesforce CRM,2026-05-22
Clay County Enterprise Center,Economic Development Organization,Clay,Gladstone,Logistics,Youth (Under 30),Established,2025-09,40,5,25,37,570691,156226,202614,22,1,67,259,85,Grant Mgmt System,2026-05-22
Cass Regional SBDC,University / Education,Cass,Harrisonville,Technology,Minority-Owned,Idea,2025-09,18,3,14,17,358152,85603,113557,15,2,30,91,84,Survey Monkey Export,2026-05-22
Platte Catalyst Fund,Funding Partner,Platte,Platte City,Construction,Youth (Under 30),Scaling,2025-09,42,8,32,26,1579643,427161,497627,33,1,68,168,75,Internal Database,2026-05-22
Wyandotte Builds,Workforce Partner,Wyandotte,Kansas City,Manufacturing,Women-Owned,Established,2025-09,42,4,18,26,306555,87450,47630,24,1,54,148,79,Survey Monkey Export,2026-05-22
Bright Future Accelerator,Incubator / Accelerator,Jackson,Kansas City,Retail,Other,Early Growth,2025-09,13,1,9,11,104951,23630,38797,8,5,23,63,66,Airtable Base,2026-05-22
Regional Catalyst Network,Economic Development Organization,Jackson,Kansas City,Technology,Other,Early Growth,2025-10,67,7,33,40,513706,110230,131825,52,3,104,334,85,Excel Workbook,2026-05-22
Metro University Innovation Center,University / Education,Jackson,Kansas City,Food & Beverage,Other,Early Growth,2025-10,49,8,34,32,902120,167805,340325,23,3,70,262,98,Internal Database,2026-05-22
KC Startup Foundation,Nonprofit Support Organization,Jackson,Kansas City,Healthcare,Rural,Scaling,2025-10,30,6,16,16,662463,121103,167479,24,3,44,150,74,Google Form,2026-05-22
Regional Growth Partners,Economic Development Organization,Johnson,Overland Park,Logistics,Other,Early Growth,2025-10,57,5,27,34,292364,30761,49663,47,2,98,293,66,Airtable Base,2026-05-22
LaunchKC Network,Incubator / Accelerator,Jackson,Kansas City,Logistics,Women-Owned,Scaling,2025-10,35,5,20,18,570174,165373,117249,21,3,59,231,64,Excel Workbook,2026-05-22
Heartland Capital Access,Funding Partner,Johnson,Overland Park,Retail,Other,Idea,2025-10,53,9,44,65,2552670,676114,842509,45,2,81,278,76,Smartsheet,2026-05-22
Metro Business Builders,Nonprofit Support Organization,Clay,Liberty,Construction,Youth (Under 30),Scaling,2025-10,29,5,18,20,407481,72988,136014,21,1,39,155,80,Google Form,2026-05-22
KC Workforce Alliance,Workforce Partner,Wyandotte,Kansas City,Creative / Media,Veteran-Owned,Idea,2025-10,25,4,17,15,449176,86563,139929,12,3,33,106,67,Survey Monkey Export,2026-05-22
Entrepreneur Support Collaborative,Nonprofit Support Organization,Jackson,Independence,Manufacturing,Other,Idea,2025-10,36,5,22,23,558317,154380,96334,14,2,47,175,76,Survey Monkey Export,2026-05-22
Main Street Business Center,Chamber / Business Association,Cass,Belton,Professional Services,Rural,Startup,2025-10,15,2,8,9,231960,40763,56865,11,3,27,75,68,Internal Database,2026-05-22
Midwest Innovation Hub,Incubator / Accelerator,Johnson,Olathe,Healthcare,Other,Scaling,2025-10,28,3,11,9,189307,25772,70921,18,4,48,187,86,Survey Monkey Export,2026-05-22
Urban Core Ventures,Funding Partner,Jackson,Kansas City,Retail,Women-Owned,Early Growth,2025-10,51,10,39,46,2411200,531050,365642,28,2,77,202,79,Google Form,2026-05-22
Northland Business Alliance,Chamber / Business Association,Platte,Riverside,Creative / Media,Minority-Owned,Scaling,2025-10,17,1,5,4,66488,7815,11783,9,2,30,90,91,Google Form,2026-05-22
Regional Manufacturing Extension,Workforce Partner,Wyandotte,Kansas City,Healthcare,Women-Owned,Early Growth,2025-10,15,2,5,5,127887,22215,31298,10,3,22,38,85,Airtable Base,2026-05-22
Women Founders Network,Nonprofit Support Organization,Johnson,Lenexa,Manufacturing,Other,Scaling,2025-10,36,7,25,28,599965,177511,169332,22,1,63,103,72,Salesforce CRM,2026-05-22
Clay County Enterprise Center,Economic Development Organization,Clay,Gladstone,Manufacturing,Immigrant-Founded,Scaling,2025-10,49,8,22,26,680085,138697,209441,47,2,80,145,85,Grant Mgmt System,2026-05-22
Cass Regional SBDC,University / Education,Cass,Harrisonville,Logistics,Other,Scaling,2025-10,20,2,12,17,146341,15965,34743,18,1,35,106,84,Survey Monkey Export,2026-05-22
Platte Catalyst Fund,Funding Partner,Platte,Platte City,Retail,Women-Owned,Startup,2025-10,30,4,15,21,1094575,319640,391869,18,1,54,134,75,Internal Database,2026-05-22
Wyandotte Builds,Workforce Partner,Wyandotte,Kansas City,Retail,Minority-Owned,Early Growth,2025-10,46,4,11,10,307990,80950,117636,30,3,69,258,79,Survey Monkey Export,2026-05-22
Bright Future Accelerator,Incubator / Accelerator,Jackson,Kansas City,Technology,Other,Early Growth,2025-10,11,1,5,5,51944,13928,12195,9,4,16,26,66,Airtable Base,2026-05-22
Regional Catalyst Network,Economic Development Organization,Jackson,Kansas City,Construction,Youth (Under 30),Startup,2025-11,51,10,41,55,797643,117675,209761,29,1,74,187,85,Excel Workbook,2026-05-22
Metro University Innovation Center,University / Education,Jackson,Kansas City,Food & Beverage,Minority-Owned,Early Growth,2025-11,52,6,19,22,403255,79317,148587,50,3,94,177,98,Internal Database,2026-05-22
KC Startup Foundation,Nonprofit Support Organization,Jackson,Kansas City,Food & Beverage,Other,Startup,2025-11,29,4,20,19,197067,31963,31729,11,2,37,135,74,Google Form,2026-05-22
Regional Growth Partners,Economic Development Organization,Johnson,Overland Park,Manufacturing,Minority-Owned,Idea,2025-11,91,9,42,55,743238,189196,236186,45,1,124,274,66,Airtable Base,2026-05-22
LaunchKC Network,Incubator / Accelerator,Jackson,Kansas City,Food & Beverage,Women-Owned,Early Growth,2025-11,110,12,49,60,1031119,138432,234934,61,5,160,561,64,Excel Workbook,2026-05-22
Heartland Capital Access,Funding Partner,Johnson,Overland Park,Professional Services,Youth (Under 30),Idea,2025-11,53,5,17,19,1710303,410255,520066,26,2,75,223,76,Smartsheet,2026-05-22
Metro Business Builders,Nonprofit Support Organization,Clay,Liberty,Food & Beverage,Minority-Owned,Startup,2025-11,34,7,26,30,542234,103630,174121,16,3,50,189,80,Google Form,2026-05-22
KC Workforce Alliance,Workforce Partner,Wyandotte,Kansas City,Logistics,Immigrant-Founded,Startup,2025-11,25,3,16,24,237001,26798,42238,16,3,42,97,67,Survey Monkey Export,2026-05-22
Entrepreneur Support Collaborative,Nonprofit Support Organization,Jackson,Independence,Logistics,Immigrant-Founded,Startup,2025-11,26,4,18,24,256677,49332,76395,12,2,38,63,76,Survey Monkey Export,2026-05-22
Main Street Business Center,Chamber / Business Association,Cass,Belton,Retail,Youth (Under 30),Scaling,2025-11,18,2,14,16,191061,25720,60643,19,2,33,77,68,Internal Database,2026-05-22
Midwest Innovation Hub,Incubator / Accelerator,Johnson,Olathe,Logistics,Women-Owned,Scaling,2025-11,16,1,9,7,70312,13982,22151,7,4,22,75,86,Survey Monkey Export,2026-05-22
Urban Core Ventures,Funding Partner,Jackson,Kansas City,Manufacturing,Minority-Owned,Startup,2025-11,60,6,13,11,1068543,252500,244856,39,2,85,250,79,Google Form,2026-05-22
Northland Business Alliance,Chamber / Business Association,Platte,Riverside,Food & Beverage,Other,Established,2025-11,19,3,8,9,336258,98718,50509,13,3,24,39,91,Google Form,2026-05-22
Regional Manufacturing Extension,Workforce Partner,Wyandotte,Kansas City,Creative / Media,Other,Early Growth,2025-11,22,3,15,19,170691,22989,31538,20,2,40,103,85,Airtable Base,2026-05-22
Women Founders Network,Nonprofit Support Organization,Johnson,Lenexa,Creative / Media,Veteran-Owned,Early Growth,2025-11,41,7,18,15,524571,156344,89788,15,3,52,141,72,Salesforce CRM,2026-05-22
Clay County Enterprise Center,Economic Development Organization,Clay,Gladstone,Construction,Other,Scaling,2025-11,40,6,26,28,479115,117949,157165,22,2,61,92,85,Grant Mgmt System,2026-05-22
Cass Regional SBDC,University / Education,Cass,Harrisonville,Food & Beverage,Veteran-Owned,Scaling,2025-11,17,2,9,11,164225,44647,55449,18,1,32,106,84,Survey Monkey Export,2026-05-22
Platte Catalyst Fund,Funding Partner,Platte,Platte City,Food & Beverage,Immigrant-Founded,Idea,2025-11,21,3,14,18,854814,239960,242560,17,2,35,103,75,Internal Database,2026-05-22
Wyandotte Builds,Workforce Partner,Wyandotte,Kansas City,Technology,Immigrant-Founded,Scaling,2025-11,44,6,28,28,385954,99191,83022,24,3,70,209,79,Survey Monkey Export,2026-05-22
Bright Future Accelerator,Incubator / Accelerator,Jackson,Kansas City,Logistics,Youth (Under 30),Scaling,2025-11,38,6,23,19,303618,47423,110658,23,4,51,111,66,Airtable Base,2026-05-22
Regional Catalyst Network,Economic Development Organization,Jackson,Kansas City,Technology,Other,Scaling,2025-12,69,10,47,47,1089611,183675,186432,60,2,118,412,85,Excel Workbook,2026-05-22
Metro University Innovation Center,University / Education,Jackson,Kansas City,Healthcare,Youth (Under 30),Startup,2025-12,67,9,32,44,399114,61016,141638,36,2,104,374,98,Internal Database,2026-05-22
KC Startup Foundation,Nonprofit Support Organization,Jackson,Kansas City,Technology,Women-Owned,Established,2025-12,18,3,12,16,224336,35390,78366,10,1,24,67,74,Google Form,2026-05-22
Regional Growth Partners,Economic Development Organization,Johnson,Overland Park,Construction,Rural,Scaling,2025-12,66,11,51,58,675037,80771,211682,48,3,85,198,66,Airtable Base,2026-05-22
LaunchKC Network,Incubator / Accelerator,Jackson,Kansas City,Construction,Immigrant-Founded,Startup,2025-12,58,8,29,27,327655,39167,57659,45,4,98,350,64,Excel Workbook,2026-05-22
Heartland Capital Access,Funding Partner,Johnson,Overland Park,Logistics,Minority-Owned,Early Growth,2025-12,42,4,18,27,1492782,175069,449583,22,2,61,110,76,Smartsheet,2026-05-22
Metro Business Builders,Nonprofit Support Organization,Clay,Liberty,Construction,Rural,Scaling,2025-12,34,4,13,17,406194,96854,128720,19,2,59,235,80,Google Form,2026-05-22
KC Workforce Alliance,Workforce Partner,Wyandotte,Kansas City,Professional Services,Minority-Owned,Idea,2025-12,18,3,12,17,168160,30021,52360,10,1,29,114,67,Survey Monkey Export,2026-05-22
Entrepreneur Support Collaborative,Nonprofit Support Organization,Jackson,Independence,Manufacturing,Women-Owned,Established,2025-12,34,6,21,18,670325,86988,207856,20,1,44,115,76,Survey Monkey Export,2026-05-22
Main Street Business Center,Chamber / Business Association,Cass,Belton,Technology,Rural,Early Growth,2025-12,20,2,13,18,209964,23940,43349,14,2,32,106,68,Internal Database,2026-05-22
Midwest Innovation Hub,Incubator / Accelerator,Johnson,Olathe,Construction,Other,Established,2025-12,34,4,17,14,433069,72761,156032,25,4,43,103,86,Survey Monkey Export,2026-05-22
Urban Core Ventures,Funding Partner,Jackson,Kansas City,Food & Beverage,Rural,Startup,2025-12,10,1,4,3,240123,33111,38161,7,2,15,55,79,Google Form,2026-05-22
Northland Business Alliance,Chamber / Business Association,Platte,Riverside,Technology,Other,Scaling,2025-12,20,3,16,25,201428,33747,66522,15,3,28,43,91,Google Form,2026-05-22
Regional Manufacturing Extension,Workforce Partner,Wyandotte,Kansas City,Construction,Women-Owned,Scaling,2025-12,14,1,8,12,77697,22035,12544,5,1,19,59,85,Airtable Base,2026-05-22
Women Founders Network,Nonprofit Support Organization,Johnson,Lenexa,Healthcare,Women-Owned,Idea,2025-12,40,6,25,21,535501,60309,107453,38,1,70,209,72,Salesforce CRM,2026-05-22
Clay County Enterprise Center,Economic Development Organization,Clay,Gladstone,Professional Services,Other,Established,2025-12,19,2,19,27,99319,12737,25206,14,2,28,65,85,Grant Mgmt System,2026-05-22
Cass Regional SBDC,University / Education,Cass,Harrisonville,Professional Services,Youth (Under 30),Established,2025-12,20,3,18,19,121733,34721,39768,12,3,35,59,84,Survey Monkey Export,2026-05-22
Platte Catalyst Fund,Funding Partner,Platte,Platte City,Food & Beverage,Veteran-Owned,Established,2025-12,39,6,20,31,1535827,445481,471188,26,1,55,107,75,Internal Database,2026-05-22
Wyandotte Builds,Workforce Partner,Wyandotte,Kansas City,Food & Beverage,Minority-Owned,Idea,2025-12,34,7,28,41,630819,89337,102992,25,2,43,114,79,Survey Monkey Export,2026-05-22
Bright Future Accelerator,Incubator / Accelerator,Jackson,Kansas City,Manufacturing,Other,Established,2025-12,17,1,6,5,76251,9217,12437,8,3,22,81,66,Airtable Base,2026-05-22
Regional Catalyst Network,Economic Development Organization,Jackson,Kansas City,Creative / Media,Women-Owned,Idea,2026-01,64,11,42,44,1125498,185962,196417,30,3,84,194,85,Excel Workbook,2026-05-22
Metro University Innovation Center,University / Education,Jackson,Kansas City,Construction,Other,Established,2026-01,61,6,21,20,459715,63822,110169,42,1,89,216,98,Internal Database,2026-05-22
KC Startup Foundation,Nonprofit Support Organization,Jackson,Kansas City,Food & Beverage,Minority-Owned,Startup,2026-01,30,3,14,15,157629,40812,61190,25,1,49,109,74,Google Form,2026-05-22
Regional Growth Partners,Economic Development Organization,Johnson,Overland Park,Healthcare,Youth (Under 30),Scaling,2026-01,71,11,52,66,1087837,162447,252186,51,1,94,312,66,Airtable Base,2026-05-22
LaunchKC Network,Incubator / Accelerator,Jackson,Kansas City,Retail,Other,Scaling,2026-01,127,19,41,65,1359366,356076,440656,85,3,164,420,64,Excel Workbook,2026-05-22
Heartland Capital Access,Funding Partner,Johnson,Overland Park,Manufacturing,Veteran-Owned,Startup,2026-01,62,9,29,31,2693458,356507,713283,31,3,86,132,76,Smartsheet,2026-05-22
Metro Business Builders,Nonprofit Support Organization,Clay,Liberty,Technology,Other,Established,2026-01,39,7,18,21,780323,129987,123430,29,3,60,100,80,Google Form,2026-05-22
KC Workforce Alliance,Workforce Partner,Wyandotte,Kansas City,Construction,Other,Scaling,2026-01,10,1,6,8,111038,13568,26804,4,3,14,44,67,Survey Monkey Export,2026-05-22
Entrepreneur Support Collaborative,Nonprofit Support Organization,Jackson,Independence,Technology,Minority-Owned,Startup,2026-01,20,3,7,7,300546,82417,97891,13,2,29,96,76,Survey Monkey Export,2026-05-22
Main Street Business Center,Chamber / Business Association,Cass,Belton,Retail,Minority-Owned,Early Growth,2026-01,10,1,7,8,106030,29676,27885,10,2,19,53,68,Internal Database,2026-05-22
Midwest Innovation Hub,Incubator / Accelerator,Johnson,Olathe,Professional Services,Other,Idea,2026-01,24,3,17,26,155508,20231,31267,13,2,42,74,86,Survey Monkey Export,2026-05-22
Urban Core Ventures,Funding Partner,Jackson,Kansas City,Technology,Minority-Owned,Scaling,2026-01,48,9,21,19,2349205,392729,692254,22,3,74,265,79,Google Form,2026-05-22
Northland Business Alliance,Chamber / Business Association,Platte,Riverside,Professional Services,Immigrant-Founded,Scaling,2026-01,20,2,9,8,203159,22238,48408,12,2,33,129,91,Google Form,2026-05-22
Regional Manufacturing Extension,Workforce Partner,Wyandotte,Kansas City,Logistics,Other,Scaling,2026-01,29,6,26,35,259752,42424,47175,23,1,47,98,85,Airtable Base,2026-05-22
Women Founders Network,Nonprofit Support Organization,Johnson,Lenexa,Food & Beverage,Minority-Owned,Startup,2026-01,27,3,12,14,217094,43393,40454,15,1,44,167,72,Salesforce CRM,2026-05-22
Clay County Enterprise Center,Economic Development Organization,Clay,Gladstone,Logistics,Other,Startup,2026-01,52,7,30,35,601287,77816,175159,25,3,66,260,85,Grant Mgmt System,2026-05-22
Cass Regional SBDC,University / Education,Cass,Harrisonville,Logistics,Minority-Owned,Idea,2026-01,18,2,3,3,88805,20270,26273,17,2,31,53,84,Survey Monkey Export,2026-05-22
Platte Catalyst Fund,Funding Partner,Platte,Platte City,Retail,Other,Early Growth,2026-01,46,8,40,63,2071666,230388,656079,25,2,61,183,75,Internal Database,2026-05-22
Wyandotte Builds,Workforce Partner,Wyandotte,Kansas City,Construction,Women-Owned,Established,2026-01,26,3,19,28,358223,93402,79582,13,3,42,109,79,Survey Monkey Export,2026-05-22
Bright Future Accelerator,Incubator / Accelerator,Jackson,Kansas City,Construction,Other,Established,2026-01,19,2,13,19,200978,23653,50719,20,1,34,132,66,Airtable Base,2026-05-22
Regional Catalyst Network,Economic Development Organization,Jackson,Kansas City,Food & Beverage,Veteran-Owned,Scaling,2026-02,48,5,25,25,434083,86304,145402,27,3,62,139,85,Excel Workbook,2026-05-22
Metro University Innovation Center,University / Education,Jackson,Kansas City,Retail,Women-Owned,Idea,2026-02,66,11,31,41,1007411,106471,343708,35,1,93,350,98,Internal Database,2026-05-22
KC Startup Foundation,Nonprofit Support Organization,Jackson,Kansas City,Logistics,Other,Idea,2026-02,18,2,7,9,197273,20419,42390,15,3,27,65,74,Google Form,2026-05-22
Regional Growth Partners,Economic Development Organization,Johnson,Overland Park,Technology,Women-Owned,Established,2026-02,57,7,24,36,804337,163098,274770,39,1,97,273,66,Airtable Base,2026-05-22
LaunchKC Network,Incubator / Accelerator,Jackson,Kansas City,Healthcare,Other,Scaling,2026-02,77,15,55,57,1296055,343017,198587,51,4,101,175,64,Excel Workbook,2026-05-22
Heartland Capital Access,Funding Partner,Johnson,Overland Park,Creative / Media,Minority-Owned,Established,2026-02,15,1,10,14,371838,100103,122013,14,2,26,83,76,Smartsheet,2026-05-22
Metro Business Builders,Nonprofit Support Organization,Clay,Liberty,Manufacturing,Veteran-Owned,Idea,2026-02,33,4,19,17,470435,63245,106398,26,3,61,171,80,Google Form,2026-05-22
KC Workforce Alliance,Workforce Partner,Wyandotte,Kansas City,Manufacturing,Minority-Owned,Startup,2026-02,15,3,10,14,223499,31126,35357,8,1,26,70,67,Survey Monkey Export,2026-05-22
Entrepreneur Support Collaborative,Nonprofit Support Organization,Jackson,Independence,Creative / Media,Youth (Under 30),Established,2026-02,26,4,21,29,219130,37319,37842,27,1,47,176,76,Survey Monkey Export,2026-05-22
Main Street Business Center,Chamber / Business Association,Cass,Belton,Food & Beverage,Other,Early Growth,2026-02,13,2,15,12,194529,56968,37533,9,3,18,50,68,Internal Database,2026-05-22
Midwest Innovation Hub,Incubator / Accelerator,Johnson,Olathe,Creative / Media,Women-Owned,Idea,2026-02,40,6,23,21,711024,131410,198064,26,1,53,190,86,Survey Monkey Export,2026-05-22
Urban Core Ventures,Funding Partner,Jackson,Kansas City,Construction,Women-Owned,Early Growth,2026-02,36,6,27,33,1203627,264891,274429,19,1,62,110,79,Google Form,2026-05-22
Northland Business Alliance,Chamber / Business Association,Platte,Riverside,Logistics,Minority-Owned,Established,2026-02,13,1,13,15,79331,9601,20587,11,1,23,91,91,Google Form,2026-05-22
Regional Manufacturing Extension,Workforce Partner,Wyandotte,Kansas City,Manufacturing,Women-Owned,Established,2026-02,12,2,15,12,238505,29706,85749,13,2,22,65,85,Airtable Base,2026-05-22
Women Founders Network,Nonprofit Support Organization,Johnson,Lenexa,Logistics,Minority-Owned,Scaling,2026-02,21,4,12,16,207159,39552,37402,16,3,28,77,72,Salesforce CRM,2026-05-22
Clay County Enterprise Center,Economic Development Organization,Clay,Gladstone,Logistics,Immigrant-Founded,Startup,2026-02,49,7,19,17,629010,158532,198308,31,1,65,146,85,Grant Mgmt System,2026-05-22
Cass Regional SBDC,University / Education,Cass,Harrisonville,Creative / Media,Other,Established,2026-02,25,3,16,23,223297,63190,54910,17,3,38,60,84,Survey Monkey Export,2026-05-22
Platte Catalyst Fund,Funding Partner,Platte,Platte City,Professional Services,Other,Established,2026-02,37,7,23,31,1769519,215662,564045,24,1,54,177,75,Internal Database,2026-05-22
Wyandotte Builds,Workforce Partner,Wyandotte,Kansas City,Creative / Media,Rural,Scaling,2026-02,19,2,10,12,125510,14092,37353,13,3,33,112,79,Survey Monkey Export,2026-05-22
Bright Future Accelerator,Incubator / Accelerator,Jackson,Kansas City,Healthcare,Other,Early Growth,2026-02,22,3,9,10,178614,26242,40728,18,3,31,50,66,Airtable Base,2026-05-22
Regional Catalyst Network,Economic Development Organization,Jackson,Kansas City,Manufacturing,Other,Idea,2026-03,63,10,23,30,416321,80741,64762,46,2,108,275,85,Excel Workbook,2026-05-22
Metro University Innovation Center,University / Education,Jackson,Kansas City,Professional Services,Minority-Owned,Established,2026-03,51,9,27,32,575655,169176,115384,41,3,76,145,98,Internal Database,2026-05-22
KC Startup Foundation,Nonprofit Support Organization,Jackson,Kansas City,Manufacturing,Other,Scaling,2026-03,23,3,18,23,262047,40531,76414,21,3,37,108,74,Google Form,2026-05-22
Regional Growth Partners,Economic Development Organization,Johnson,Overland Park,Creative / Media,Immigrant-Founded,Startup,2026-03,61,9,29,38,731065,171297,209735,31,2,81,172,66,Airtable Base,2026-05-22
LaunchKC Network,Incubator / Accelerator,Jackson,Kansas City,Technology,Youth (Under 30),Scaling,2026-03,76,16,62,72,1624472,303361,473580,73,3,126,382,64,Excel Workbook,2026-05-22
Heartland Capital Access,Funding Partner,Johnson,Overland Park,Technology,Immigrant-Founded,Early Growth,2026-03,34,6,29,32,2067405,317112,458470,26,3,47,144,76,Smartsheet,2026-05-22
Metro Business Builders,Nonprofit Support Organization,Clay,Liberty,Healthcare,Minority-Owned,Scaling,2026-03,32,3,18,18,337357,47364,73603,24,3,56,143,80,Google Form,2026-05-22
KC Workforce Alliance,Workforce Partner,Wyandotte,Kansas City,Technology,Minority-Owned,Early Growth,2026-03,19,4,15,12,437494,122548,110139,14,1,26,78,67,Survey Monkey Export,2026-05-22
Entrepreneur Support Collaborative,Nonprofit Support Organization,Jackson,Independence,Professional Services,Rural,Idea,2026-03,16,2,14,16,204018,41834,55923,7,2,22,64,76,Survey Monkey Export,2026-05-22
Main Street Business Center,Chamber / Business Association,Cass,Belton,Manufacturing,Minority-Owned,Idea,2026-03,21,3,13,18,171386,26549,43205,16,1,29,51,68,Internal Database,2026-05-22
Midwest Innovation Hub,Incubator / Accelerator,Johnson,Olathe,Technology,Immigrant-Founded,Early Growth,2026-03,21,3,10,10,208257,33661,64840,17,2,32,86,86,Survey Monkey Export,2026-05-22
Urban Core Ventures,Funding Partner,Jackson,Kansas City,Technology,Other,Idea,2026-03,27,4,10,15,1399759,380075,345905,18,3,45,81,79,Google Form,2026-05-22
Northland Business Alliance,Chamber / Business Association,Platte,Riverside,Construction,Other,Early Growth,2026-03,15,2,18,16,183108,47216,40010,9,1,21,74,91,Google Form,2026-05-22
Regional Manufacturing Extension,Workforce Partner,Wyandotte,Kansas City,Manufacturing,Other,Established,2026-03,17,3,17,24,204445,45064,72242,12,3,23,63,85,Airtable Base,2026-05-22
Women Founders Network,Nonprofit Support Organization,Johnson,Lenexa,Professional Services,Veteran-Owned,Idea,2026-03,29,4,14,11,195465,29304,64188,17,1,49,144,72,Salesforce CRM,2026-05-22
Clay County Enterprise Center,Economic Development Organization,Clay,Gladstone,Healthcare,Other,Established,2026-03,31,5,14,18,365798,49886,135015,25,3,47,93,85,Grant Mgmt System,2026-05-22
Cass Regional SBDC,University / Education,Cass,Harrisonville,Retail,Women-Owned,Idea,2026-03,32,6,28,26,445873,67786,76808,23,1,46,115,84,Survey Monkey Export,2026-05-22
Platte Catalyst Fund,Funding Partner,Platte,Platte City,Professional Services,Women-Owned,Scaling,2026-03,51,10,38,50,3486558,894038,773982,26,3,78,154,75,Internal Database,2026-05-22
Wyandotte Builds,Workforce Partner,Wyandotte,Kansas City,Logistics,Veteran-Owned,Established,2026-03,51,6,22,24,365663,81738,137793,27,1,65,144,79,Survey Monkey Export,2026-05-22
Bright Future Accelerator,Incubator / Accelerator,Jackson,Kansas City,Professional Services,Youth (Under 30),Established,2026-03,26,5,20,19,229222,48457,37369,14,3,34,101,66,Airtable Base,2026-05-22
Regional Catalyst Network,Economic Development Organization,Jackson,Kansas City,Retail,Immigrant-Founded,Early Growth,2026-04,133,22,89,74,1574666,274275,617291,63,2,168,379,85,Excel Workbook,2026-05-22
Metro University Innovation Center,University / Education,Jackson,Kansas City,Creative / Media,Women-Owned,Startup,2026-04,62,12,35,36,522395,65599,192199,36,1,80,143,98,Internal Database,2026-05-22
KC Startup Foundation,Nonprofit Support Organization,Jackson,Kansas City,Food & Beverage,Other,Established,2026-04,21,4,20,21,404376,52671,146892,17,1,31,123,74,Google Form,2026-05-22
Regional Growth Partners,Economic Development Organization,Johnson,Overland Park,Logistics,Women-Owned,Startup,2026-04,68,8,29,25,952843,202165,251969,58,2,103,268,66,Airtable Base,2026-05-22
LaunchKC Network,Incubator / Accelerator,Jackson,Kansas City,Manufacturing,Other,Startup,2026-04,85,10,29,35,866837,255132,244017,42,5,111,329,64,Excel Workbook,2026-05-22
Heartland Capital Access,Funding Partner,Johnson,Overland Park,Healthcare,Veteran-Owned,Idea,2026-04,34,4,18,28,620615,102220,97572,20,2,61,233,76,Smartsheet,2026-05-22
Metro Business Builders,Nonprofit Support Organization,Clay,Liberty,Logistics,Other,Established,2026-04,11,1,10,13,98745,28782,28862,9,1,16,53,80,Google Form,2026-05-22
KC Workforce Alliance,Workforce Partner,Wyandotte,Kansas City,Retail,Other,Early Growth,2026-04,15,3,13,14,141405,38245,26970,9,3,28,102,67,Survey Monkey Export,2026-05-22
Entrepreneur Support Collaborative,Nonprofit Support Organization,Jackson,Independence,Construction,Minority-Owned,Startup,2026-04,32,6,23,31,486073,96205,180504,16,2,50,179,76,Survey Monkey Export,2026-05-22
Main Street Business Center,Chamber / Business Association,Cass,Belton,Logistics,Minority-Owned,Scaling,2026-04,11,1,9,10,57938,13745,10936,4,2,15,39,68,Internal Database,2026-05-22
Midwest Innovation Hub,Incubator / Accelerator,Johnson,Olathe,Logistics,Immigrant-Founded,Scaling,2026-04,24,4,16,25,296874,63444,85425,21,2,43,91,86,Survey Monkey Export,2026-05-22
Urban Core Ventures,Funding Partner,Jackson,Kansas City,Technology,Immigrant-Founded,Scaling,2026-04,35,5,17,17,1486820,202074,290750,16,2,50,89,79,Google Form,2026-05-22
Northland Business Alliance,Chamber / Business Association,Platte,Riverside,Construction,Women-Owned,Established,2026-04,22,3,13,16,164926,22597,55540,12,3,33,121,91,Google Form,2026-05-22
Regional Manufacturing Extension,Workforce Partner,Wyandotte,Kansas City,Food & Beverage,Other,Idea,2026-04,20,2,11,12,196145,31493,69294,13,2,31,104,85,Airtable Base,2026-05-22
Women Founders Network,Nonprofit Support Organization,Johnson,Lenexa,Professional Services,Rural,Established,2026-04,28,3,14,18,154837,22971,55822,17,1,49,132,72,Salesforce CRM,2026-05-22
Clay County Enterprise Center,Economic Development Organization,Clay,Gladstone,Creative / Media,Women-Owned,Early Growth,2026-04,29,3,15,20,227883,33846,50979,19,2,45,69,85,Grant Mgmt System,2026-05-22
Cass Regional SBDC,University / Education,Cass,Harrisonville,Construction,Women-Owned,Idea,2026-04,32,4,20,25,287897,58348,95338,25,3,49,78,84,Survey Monkey Export,2026-05-22
Platte Catalyst Fund,Funding Partner,Platte,Platte City,Logistics,Minority-Owned,Idea,2026-04,25,2,11,12,433543,103834,67286,17,2,40,153,75,Internal Database,2026-05-22
Wyandotte Builds,Workforce Partner,Wyandotte,Kansas City,Food & Beverage,Other,Established,2026-04,27,5,20,25,317357,76888,123753,25,2,46,84,79,Survey Monkey Export,2026-05-22
Bright Future Accelerator,Incubator / Accelerator,Jackson,Kansas City,Professional Services,Other,Startup,2026-04,16,2,6,5,239002,38414,48364,10,1,22,55,66,Airtable Base,2026-05-22
Regional Catalyst Network,Economic Development Organization,Jackson,Kansas City,Technology,Other,Early Growth,2026-05,71,14,61,50,695170,100673,149083,38,2,121,368,85,Excel Workbook,2026-05-22
Metro University Innovation Center,University / Education,Jackson,Kansas City,Professional Services,Other,Idea,2026-05,67,13,54,69,1350946,395191,457891,28,1,87,336,98,Internal Database,2026-05-22
KC Startup Foundation,Nonprofit Support Organization,Jackson,Kansas City,Manufacturing,Other,Scaling,2026-05,30,3,3,3,190109,35798,52560,23,3,41,77,74,Google Form,2026-05-22
Regional Growth Partners,Economic Development Organization,Johnson,Overland Park,Manufacturing,Women-Owned,Early Growth,2026-05,62,9,32,45,723616,84696,175917,30,3,82,192,66,Airtable Base,2026-05-22
LaunchKC Network,Incubator / Accelerator,Jackson,Kansas City,Construction,Minority-Owned,Startup,2026-05,87,11,52,58,1139254,196355,179364,56,3,133,482,64,Excel Workbook,2026-05-22
Heartland Capital Access,Funding Partner,Johnson,Overland Park,Healthcare,Other,Scaling,2026-05,43,9,25,21,3231385,360499,994949,36,2,69,214,76,Smartsheet,2026-05-22
Metro Business Builders,Nonprofit Support Organization,Clay,Liberty,Creative / Media,Other,Established,2026-05,24,3,18,27,340908,81838,89163,10,1,36,101,80,Google Form,2026-05-22
KC Workforce Alliance,Workforce Partner,Wyandotte,Kansas City,Retail,Other,Scaling,2026-05,23,4,15,16,267037,65429,89460,11,1,33,52,67,Survey Monkey Export,2026-05-22
Entrepreneur Support Collaborative,Nonprofit Support Organization,Jackson,Independence,Healthcare,Immigrant-Founded,Scaling,2026-05,27,4,20,18,237228,60453,78671,12,3,40,119,76,Survey Monkey Export,2026-05-22
Main Street Business Center,Chamber / Business Association,Cass,Belton,Creative / Media,Women-Owned,Idea,2026-05,21,2,9,13,134236,19762,45162,13,2,32,48,68,Internal Database,2026-05-22
Midwest Innovation Hub,Incubator / Accelerator,Johnson,Olathe,Creative / Media,Other,Startup,2026-05,21,3,17,23,259768,68726,62426,13,2,29,67,86,Survey Monkey Export,2026-05-22
Urban Core Ventures,Funding Partner,Jackson,Kansas City,Manufacturing,Women-Owned,Established,2026-05,34,7,25,28,1825949,326765,394265,25,2,61,181,79,Google Form,2026-05-22
Northland Business Alliance,Chamber / Business Association,Platte,Riverside,Logistics,Rural,Established,2026-05,14,2,2,2,162109,33366,52461,8,2,20,78,91,Google Form,2026-05-22
Regional Manufacturing Extension,Workforce Partner,Wyandotte,Kansas City,Logistics,Immigrant-Founded,Startup,2026-05,33,5,18,16,348586,103949,78715,20,1,43,80,85,Airtable Base,2026-05-22
Women Founders Network,Nonprofit Support Organization,Johnson,Lenexa,Logistics,Women-Owned,Startup,2026-05,33,6,32,31,407351,111648,103627,32,2,60,108,72,Salesforce CRM,2026-05-22
Clay County Enterprise Center,Economic Development Organization,Clay,Gladstone,Food & Beverage,Youth (Under 30),Early Growth,2026-05,35,6,24,28,655845,108242,229514,21,2,48,125,85,Grant Mgmt System,2026-05-22
Cass Regional SBDC,University / Education,Cass,Harrisonville,Construction,Veteran-Owned,Established,2026-05,23,3,12,10,305182,49369,95000,11,1,33,101,84,Survey Monkey Export,2026-05-22
Platte Catalyst Fund,Funding Partner,Platte,Platte City,Creative / Media,Women-Owned,Scaling,2026-05,24,3,14,16,1123105,174072,226250,9,2,31,87,75,Internal Database,2026-05-22
Wyandotte Builds,Workforce Partner,Wyandotte,Kansas City,Logistics,Women-Owned,Scaling,2026-05,23,4,10,11,242296,29785,42361,17,3,41,94,79,Survey Monkey Export,2026-05-22
Bright Future Accelerator,Incubator / Accelerator,Jackson,Kansas City,Healthcare,Minority-Owned,Startup,2026-05,16,2,10,12,142390,23353,36053,10,1,27,44,66,Airtable Base,2026-05-22
